--
-- PostgreSQL database dump
--

-- Dumped from database version 11.4 (Debian 11.4-1.pgdg90+1)
-- Dumped by pg_dump version 11.5 (Debian 11.5-1+deb10u1)

-- Started on 2019-10-29 09:17:57 UTC

SET statement_timeout = 0;
SET lock_timeout = 0;
SET idle_in_transaction_session_timeout = 0;
SET client_encoding = 'UTF8';
SET standard_conforming_strings = on;
SELECT pg_catalog.set_config('search_path', '', false);
SET check_function_bodies = false;
SET xmloption = content;
SET client_min_messages = warning;
SET row_security = off;

ALTER TABLE ONLY public.user_profiles_userprofile DROP CONSTRAINT user_profiles_userprofile_user_id_e2515b2e_fk_auth_user_id;
ALTER TABLE ONLY public.user_profiles_userprofile_controls DROP CONSTRAINT user_profiles_userpr_userprofile_id_3b4c3368_fk_user_prof;
ALTER TABLE ONLY public.user_profiles_userprofile_controls DROP CONSTRAINT user_profiles_userpr_control_id_4b343aa9_fk_control_c;
ALTER TABLE ONLY public.magicauth_magictoken DROP CONSTRAINT magicauth_magictoken_user_id_facad363_fk_auth_user_id;
ALTER TABLE ONLY public.filer_image DROP CONSTRAINT filer_image_file_ptr_id_3e21d4f0_fk_filer_file_id;
ALTER TABLE ONLY public.filer_folderpermission DROP CONSTRAINT filer_folderpermission_user_id_7673d4b6_fk_auth_user_id;
ALTER TABLE ONLY public.filer_folderpermission DROP CONSTRAINT filer_folderpermission_group_id_8901bafa_fk_auth_group_id;
ALTER TABLE ONLY public.filer_folderpermission DROP CONSTRAINT filer_folderpermission_folder_id_5d02f1da_fk_filer_folder_id;
ALTER TABLE ONLY public.filer_folder DROP CONSTRAINT filer_folder_parent_id_308aecda_fk_filer_folder_id;
ALTER TABLE ONLY public.filer_folder DROP CONSTRAINT filer_folder_owner_id_be530fb4_fk_auth_user_id;
ALTER TABLE ONLY public.filer_file DROP CONSTRAINT filer_file_polymorphic_ctype_id_f44903c1_fk_django_co;
ALTER TABLE ONLY public.filer_file DROP CONSTRAINT filer_file_owner_id_b9e32671_fk_auth_user_id;
ALTER TABLE ONLY public.filer_file DROP CONSTRAINT filer_file_folder_id_af803bbb_fk_filer_folder_id;
ALTER TABLE ONLY public.filer_clipboarditem DROP CONSTRAINT filer_clipboarditem_file_id_06196f80_fk_filer_file_id;
ALTER TABLE ONLY public.filer_clipboarditem DROP CONSTRAINT filer_clipboarditem_clipboard_id_7a76518b_fk_filer_clipboard_id;
ALTER TABLE ONLY public.filer_clipboard DROP CONSTRAINT filer_clipboard_user_id_b52ff0bc_fk_auth_user_id;
ALTER TABLE ONLY public.easy_thumbnails_thumbnaildimensions DROP CONSTRAINT easy_thumbnails_thum_thumbnail_id_c3a0c549_fk_easy_thum;
ALTER TABLE ONLY public.easy_thumbnails_thumbnail DROP CONSTRAINT easy_thumbnails_thum_source_id_5b57bc77_fk_easy_thum;
ALTER TABLE ONLY public.django_celery_beat_periodictask DROP CONSTRAINT django_celery_beat_p_solar_id_a87ce72c_fk_django_ce;
ALTER TABLE ONLY public.django_celery_beat_periodictask DROP CONSTRAINT django_celery_beat_p_interval_id_a8ca27da_fk_django_ce;
ALTER TABLE ONLY public.django_celery_beat_periodictask DROP CONSTRAINT django_celery_beat_p_crontab_id_d3cba168_fk_django_ce;
ALTER TABLE ONLY public.django_celery_beat_periodictask DROP CONSTRAINT django_celery_beat_p_clocked_id_47a69f82_fk_django_ce;
ALTER TABLE ONLY public.django_admin_log DROP CONSTRAINT django_admin_log_user_id_c564eba6_fk_auth_user_id;
ALTER TABLE ONLY public.django_admin_log DROP CONSTRAINT django_admin_log_content_type_id_c4bce8eb_fk_django_co;
ALTER TABLE ONLY public.control_theme DROP CONSTRAINT control_theme_questionnaire_id_43a2cef0_fk_control_q;
ALTER TABLE ONLY public.control_responsefile DROP CONSTRAINT control_responsefile_question_id_ef66df62_fk_control_q;
ALTER TABLE ONLY public.control_responsefile DROP CONSTRAINT control_responsefile_author_id_2e543051_fk_auth_user_id;
ALTER TABLE ONLY public.control_questionnaire DROP CONSTRAINT control_questionnaire_control_id_e199c25f_fk_control_control_id;
ALTER TABLE ONLY public.control_questionfile DROP CONSTRAINT control_questionfile_question_id_14d7510a_fk_control_q;
ALTER TABLE ONLY public.control_question DROP CONSTRAINT control_question_theme_id_95b8f87f_fk_control_theme_id;
ALTER TABLE ONLY public.auth_user_user_permissions DROP CONSTRAINT auth_user_user_permissions_user_id_a95ead1b_fk_auth_user_id;
ALTER TABLE ONLY public.auth_user_user_permissions DROP CONSTRAINT auth_user_user_permi_permission_id_1fbb5f2c_fk_auth_perm;
ALTER TABLE ONLY public.auth_user_groups DROP CONSTRAINT auth_user_groups_user_id_6a12ed8b_fk_auth_user_id;
ALTER TABLE ONLY public.auth_user_groups DROP CONSTRAINT auth_user_groups_group_id_97559544_fk_auth_group_id;
ALTER TABLE ONLY public.auth_permission DROP CONSTRAINT auth_permission_content_type_id_2f476e4b_fk_django_co;
ALTER TABLE ONLY public.auth_group_permissions DROP CONSTRAINT auth_group_permissions_group_id_b120cbf9_fk_auth_group_id;
ALTER TABLE ONLY public.auth_group_permissions DROP CONSTRAINT auth_group_permissio_permission_id_84c5c92e_fk_auth_perm;
ALTER TABLE ONLY public.actstream_follow DROP CONSTRAINT actstream_follow_user_id_e9d4e1ff_fk_auth_user_id;
ALTER TABLE ONLY public.actstream_follow DROP CONSTRAINT actstream_follow_content_type_id_ba287eb9_fk_django_co;
ALTER TABLE ONLY public.actstream_action DROP CONSTRAINT actstream_action_target_content_type__187fa164_fk_django_co;
ALTER TABLE ONLY public.actstream_action DROP CONSTRAINT actstream_action_actor_content_type_i_d5e5ec2a_fk_django_co;
ALTER TABLE ONLY public.actstream_action DROP CONSTRAINT actstream_action_action_object_conten_ee623c15_fk_django_co;
DROP INDEX public.user_profiles_userprofile_controls_userprofile_id_3b4c3368;
DROP INDEX public.user_profiles_userprofile_controls_control_id_4b343aa9;
DROP INDEX public.magicauth_magictoken_user_id_facad363;
DROP INDEX public.magicauth_magictoken_key_122eaf32_like;
DROP INDEX public.filer_folderpermission_user_id_7673d4b6;
DROP INDEX public.filer_folderpermission_group_id_8901bafa;
DROP INDEX public.filer_folderpermission_folder_id_5d02f1da;
DROP INDEX public.filer_folder_tree_id_lft_088ce52b_idx;
DROP INDEX public.filer_folder_tree_id_b016223c;
DROP INDEX public.filer_folder_parent_id_308aecda;
DROP INDEX public.filer_folder_owner_id_be530fb4;
DROP INDEX public.filer_file_polymorphic_ctype_id_f44903c1;
DROP INDEX public.filer_file_owner_id_b9e32671;
DROP INDEX public.filer_file_folder_id_af803bbb;
DROP INDEX public.filer_clipboarditem_file_id_06196f80;
DROP INDEX public.filer_clipboarditem_clipboard_id_7a76518b;
DROP INDEX public.filer_clipboard_user_id_b52ff0bc;
DROP INDEX public.faq_faqitem_slug_2ea5051b_like;
DROP INDEX public.faq_faqitem_slug_2ea5051b;
DROP INDEX public.faq_faqitem_order_277fc73f;
DROP INDEX public.easy_thumbnails_thumbnail_storage_hash_f1435f49_like;
DROP INDEX public.easy_thumbnails_thumbnail_storage_hash_f1435f49;
DROP INDEX public.easy_thumbnails_thumbnail_source_id_5b57bc77;
DROP INDEX public.easy_thumbnails_thumbnail_name_b5882c31_like;
DROP INDEX public.easy_thumbnails_thumbnail_name_b5882c31;
DROP INDEX public.easy_thumbnails_source_storage_hash_946cbcc9_like;
DROP INDEX public.easy_thumbnails_source_storage_hash_946cbcc9;
DROP INDEX public.easy_thumbnails_source_name_5fe0edc6_like;
DROP INDEX public.easy_thumbnails_source_name_5fe0edc6;
DROP INDEX public.django_site_domain_a2e37b91_like;
DROP INDEX public.django_session_session_key_c0390e0f_like;
DROP INDEX public.django_session_expire_date_a5c62663;
DROP INDEX public.django_celery_beat_periodictask_solar_id_a87ce72c;
DROP INDEX public.django_celery_beat_periodictask_name_265a36b7_like;
DROP INDEX public.django_celery_beat_periodictask_interval_id_a8ca27da;
DROP INDEX public.django_celery_beat_periodictask_crontab_id_d3cba168;
DROP INDEX public.django_celery_beat_periodictask_clocked_id_47a69f82;
DROP INDEX public.django_admin_log_user_id_c564eba6;
DROP INDEX public.django_admin_log_content_type_id_c4bce8eb;
DROP INDEX public.control_theme_questionnaire_id_43a2cef0;
DROP INDEX public.control_theme_order_b73c3eb8;
DROP INDEX public.control_responsefile_question_id_ef66df62;
DROP INDEX public.control_responsefile_author_id_2e543051;
DROP INDEX public.control_questionnaire_order_f05bd4cb;
DROP INDEX public.control_questionnaire_control_id_e199c25f;
DROP INDEX public.control_questionfile_question_id_14d7510a;
DROP INDEX public.control_questionfile_order_b5d44261;
DROP INDEX public.control_question_theme_id_95b8f87f;
DROP INDEX public.control_question_order_e7bc6973;
DROP INDEX public.control_control_reference_code_d2940e55_like;
DROP INDEX public.auth_user_username_6821ab7c_like;
DROP INDEX public.auth_user_user_permissions_user_id_a95ead1b;
DROP INDEX public.auth_user_user_permissions_permission_id_1fbb5f2c;
DROP INDEX public.auth_user_groups_user_id_6a12ed8b;
DROP INDEX public.auth_user_groups_group_id_97559544;
DROP INDEX public.auth_permission_content_type_id_2f476e4b;
DROP INDEX public.auth_group_permissions_permission_id_84c5c92e;
DROP INDEX public.auth_group_permissions_group_id_b120cbf9;
DROP INDEX public.auth_group_name_a6ea08ec_like;
DROP INDEX public.actstream_follow_user_id_e9d4e1ff;
DROP INDEX public.actstream_follow_started_254c63bd;
DROP INDEX public.actstream_follow_object_id_d790e00d_like;
DROP INDEX public.actstream_follow_object_id_d790e00d;
DROP INDEX public.actstream_follow_flag_0e741c24_like;
DROP INDEX public.actstream_follow_flag_0e741c24;
DROP INDEX public.actstream_follow_content_type_id_ba287eb9;
DROP INDEX public.actstream_action_verb_83f768b7_like;
DROP INDEX public.actstream_action_verb_83f768b7;
DROP INDEX public.actstream_action_timestamp_a23fe3ae;
DROP INDEX public.actstream_action_target_object_id_e080d801_like;
DROP INDEX public.actstream_action_target_object_id_e080d801;
DROP INDEX public.actstream_action_target_content_type_id_187fa164;
DROP INDEX public.actstream_action_public_ac0653e9;
DROP INDEX public.actstream_action_actor_object_id_72ef0cfa_like;
DROP INDEX public.actstream_action_actor_object_id_72ef0cfa;
DROP INDEX public.actstream_action_actor_content_type_id_d5e5ec2a;
DROP INDEX public.actstream_action_action_object_object_id_6433bdf7_like;
DROP INDEX public.actstream_action_action_object_object_id_6433bdf7;
DROP INDEX public.actstream_action_action_object_content_type_id_ee623c15;
ALTER TABLE ONLY public.user_profiles_userprofile DROP CONSTRAINT user_profiles_userprofile_pkey;
ALTER TABLE ONLY public.user_profiles_userprofile_controls DROP CONSTRAINT user_profiles_userprofile_controls_pkey;
ALTER TABLE ONLY public.user_profiles_userprofile_controls DROP CONSTRAINT user_profiles_userprofil_userprofile_id_control_i_da8b77b5_uniq;
ALTER TABLE ONLY public.magicauth_magictoken DROP CONSTRAINT magicauth_magictoken_pkey;
ALTER TABLE ONLY public.filer_thumbnailoption DROP CONSTRAINT filer_thumbnailoption_pkey;
ALTER TABLE ONLY public.filer_image DROP CONSTRAINT filer_image_pkey;
ALTER TABLE ONLY public.filer_folderpermission DROP CONSTRAINT filer_folderpermission_pkey;
ALTER TABLE ONLY public.filer_folder DROP CONSTRAINT filer_folder_pkey;
ALTER TABLE ONLY public.filer_folder DROP CONSTRAINT filer_folder_parent_id_name_bc773258_uniq;
ALTER TABLE ONLY public.filer_file DROP CONSTRAINT filer_file_pkey;
ALTER TABLE ONLY public.filer_clipboarditem DROP CONSTRAINT filer_clipboarditem_pkey;
ALTER TABLE ONLY public.filer_clipboard DROP CONSTRAINT filer_clipboard_pkey;
ALTER TABLE ONLY public.faq_faqitem DROP CONSTRAINT faq_faqitem_pkey;
ALTER TABLE ONLY public.easy_thumbnails_thumbnaildimensions DROP CONSTRAINT easy_thumbnails_thumbnaildimensions_thumbnail_id_key;
ALTER TABLE ONLY public.easy_thumbnails_thumbnaildimensions DROP CONSTRAINT easy_thumbnails_thumbnaildimensions_pkey;
ALTER TABLE ONLY public.easy_thumbnails_thumbnail DROP CONSTRAINT easy_thumbnails_thumbnail_pkey;
ALTER TABLE ONLY public.easy_thumbnails_thumbnail DROP CONSTRAINT easy_thumbnails_thumbnai_storage_hash_name_source_fb375270_uniq;
ALTER TABLE ONLY public.easy_thumbnails_source DROP CONSTRAINT easy_thumbnails_source_storage_hash_name_481ce32d_uniq;
ALTER TABLE ONLY public.easy_thumbnails_source DROP CONSTRAINT easy_thumbnails_source_pkey;
ALTER TABLE ONLY public.django_site DROP CONSTRAINT django_site_pkey;
ALTER TABLE ONLY public.django_site DROP CONSTRAINT django_site_domain_a2e37b91_uniq;
ALTER TABLE ONLY public.django_session DROP CONSTRAINT django_session_pkey;
ALTER TABLE ONLY public.django_migrations DROP CONSTRAINT django_migrations_pkey;
ALTER TABLE ONLY public.django_content_type DROP CONSTRAINT django_content_type_pkey;
ALTER TABLE ONLY public.django_content_type DROP CONSTRAINT django_content_type_app_label_model_76bd3d3b_uniq;
ALTER TABLE ONLY public.django_celery_beat_solarschedule DROP CONSTRAINT django_celery_beat_solarschedule_pkey;
ALTER TABLE ONLY public.django_celery_beat_solarschedule DROP CONSTRAINT django_celery_beat_solar_event_latitude_longitude_ba64999a_uniq;
ALTER TABLE ONLY public.django_celery_beat_periodictasks DROP CONSTRAINT django_celery_beat_periodictasks_pkey;
ALTER TABLE ONLY public.django_celery_beat_periodictask DROP CONSTRAINT django_celery_beat_periodictask_pkey;
ALTER TABLE ONLY public.django_celery_beat_periodictask DROP CONSTRAINT django_celery_beat_periodictask_name_key;
ALTER TABLE ONLY public.django_celery_beat_intervalschedule DROP CONSTRAINT django_celery_beat_intervalschedule_pkey;
ALTER TABLE ONLY public.django_celery_beat_crontabschedule DROP CONSTRAINT django_celery_beat_crontabschedule_pkey;
ALTER TABLE ONLY public.django_celery_beat_clockedschedule DROP CONSTRAINT django_celery_beat_clockedschedule_pkey;
ALTER TABLE ONLY public.django_admin_log DROP CONSTRAINT django_admin_log_pkey;
ALTER TABLE ONLY public.control_theme DROP CONSTRAINT control_theme_pkey;
ALTER TABLE ONLY public.control_responsefile DROP CONSTRAINT control_responsefile_pkey;
ALTER TABLE ONLY public.control_questionnaire DROP CONSTRAINT control_questionnaire_pkey;
ALTER TABLE ONLY public.control_questionfile DROP CONSTRAINT control_questionfile_pkey;
ALTER TABLE ONLY public.control_question DROP CONSTRAINT control_question_pkey;
ALTER TABLE ONLY public.control_control DROP CONSTRAINT control_control_reference_code_d2940e55_uniq;
ALTER TABLE ONLY public.control_control DROP CONSTRAINT control_control_pkey;
ALTER TABLE ONLY public.auth_user DROP CONSTRAINT auth_user_username_key;
ALTER TABLE ONLY public.auth_user_user_permissions DROP CONSTRAINT auth_user_user_permissions_user_id_permission_id_14a6b632_uniq;
ALTER TABLE ONLY public.auth_user_user_permissions DROP CONSTRAINT auth_user_user_permissions_pkey;
ALTER TABLE ONLY public.auth_user DROP CONSTRAINT auth_user_pkey;
ALTER TABLE ONLY public.auth_user_groups DROP CONSTRAINT auth_user_groups_user_id_group_id_94350c0c_uniq;
ALTER TABLE ONLY public.auth_user_groups DROP CONSTRAINT auth_user_groups_pkey;
ALTER TABLE ONLY public.auth_permission DROP CONSTRAINT auth_permission_pkey;
ALTER TABLE ONLY public.auth_permission DROP CONSTRAINT auth_permission_content_type_id_codename_01ab375a_uniq;
ALTER TABLE ONLY public.auth_group DROP CONSTRAINT auth_group_pkey;
ALTER TABLE ONLY public.auth_group_permissions DROP CONSTRAINT auth_group_permissions_pkey;
ALTER TABLE ONLY public.auth_group_permissions DROP CONSTRAINT auth_group_permissions_group_id_permission_id_0cd325b0_uniq;
ALTER TABLE ONLY public.auth_group DROP CONSTRAINT auth_group_name_key;
ALTER TABLE ONLY public.actstream_follow DROP CONSTRAINT actstream_follow_user_id_content_type_id__b3632d76_uniq;
ALTER TABLE ONLY public.actstream_follow DROP CONSTRAINT actstream_follow_pkey;
ALTER TABLE ONLY public.actstream_action DROP CONSTRAINT actstream_action_pkey;
ALTER TABLE public.user_profiles_userprofile_controls ALTER COLUMN id DROP DEFAULT;
ALTER TABLE public.filer_thumbnailoption ALTER COLUMN id DROP DEFAULT;
ALTER TABLE public.filer_folderpermission ALTER COLUMN id DROP DEFAULT;
ALTER TABLE public.filer_folder ALTER COLUMN id DROP DEFAULT;
ALTER TABLE public.filer_file ALTER COLUMN id DROP DEFAULT;
ALTER TABLE public.filer_clipboarditem ALTER COLUMN id DROP DEFAULT;
ALTER TABLE public.filer_clipboard ALTER COLUMN id DROP DEFAULT;
ALTER TABLE public.faq_faqitem ALTER COLUMN id DROP DEFAULT;
ALTER TABLE public.easy_thumbnails_thumbnaildimensions ALTER COLUMN id DROP DEFAULT;
ALTER TABLE public.easy_thumbnails_thumbnail ALTER COLUMN id DROP DEFAULT;
ALTER TABLE public.easy_thumbnails_source ALTER COLUMN id DROP DEFAULT;
ALTER TABLE public.django_site ALTER COLUMN id DROP DEFAULT;
ALTER TABLE public.django_migrations ALTER COLUMN id DROP DEFAULT;
ALTER TABLE public.django_content_type ALTER COLUMN id DROP DEFAULT;
ALTER TABLE public.django_celery_beat_solarschedule ALTER COLUMN id DROP DEFAULT;
ALTER TABLE public.django_celery_beat_periodictask ALTER COLUMN id DROP DEFAULT;
ALTER TABLE public.django_celery_beat_intervalschedule ALTER COLUMN id DROP DEFAULT;
ALTER TABLE public.django_celery_beat_crontabschedule ALTER COLUMN id DROP DEFAULT;
ALTER TABLE public.django_celery_beat_clockedschedule ALTER COLUMN id DROP DEFAULT;
ALTER TABLE public.django_admin_log ALTER COLUMN id DROP DEFAULT;
ALTER TABLE public.control_theme ALTER COLUMN id DROP DEFAULT;
ALTER TABLE public.control_responsefile ALTER COLUMN id DROP DEFAULT;
ALTER TABLE public.control_questionnaire ALTER COLUMN id DROP DEFAULT;
ALTER TABLE public.control_questionfile ALTER COLUMN id DROP DEFAULT;
ALTER TABLE public.control_question ALTER COLUMN id DROP DEFAULT;
ALTER TABLE public.control_control ALTER COLUMN id DROP DEFAULT;
ALTER TABLE public.auth_user_user_permissions ALTER COLUMN id DROP DEFAULT;
ALTER TABLE public.auth_user_groups ALTER COLUMN id DROP DEFAULT;
ALTER TABLE public.auth_user ALTER COLUMN id DROP DEFAULT;
ALTER TABLE public.auth_permission ALTER COLUMN id DROP DEFAULT;
ALTER TABLE public.auth_group_permissions ALTER COLUMN id DROP DEFAULT;
ALTER TABLE public.auth_group ALTER COLUMN id DROP DEFAULT;
ALTER TABLE public.actstream_follow ALTER COLUMN id DROP DEFAULT;
ALTER TABLE public.actstream_action ALTER COLUMN id DROP DEFAULT;
DROP SEQUENCE public.user_profiles_userprofile_controls_id_seq;
DROP TABLE public.user_profiles_userprofile_controls;
DROP TABLE public.user_profiles_userprofile;
DROP TABLE public.magicauth_magictoken;
DROP SEQUENCE public.filer_thumbnailoption_id_seq;
DROP TABLE public.filer_thumbnailoption;
DROP TABLE public.filer_image;
DROP SEQUENCE public.filer_folderpermission_id_seq;
DROP TABLE public.filer_folderpermission;
DROP SEQUENCE public.filer_folder_id_seq;
DROP TABLE public.filer_folder;
DROP SEQUENCE public.filer_file_id_seq;
DROP TABLE public.filer_file;
DROP SEQUENCE public.filer_clipboarditem_id_seq;
DROP TABLE public.filer_clipboarditem;
DROP SEQUENCE public.filer_clipboard_id_seq;
DROP TABLE public.filer_clipboard;
DROP SEQUENCE public.faq_faqitem_id_seq;
DROP TABLE public.faq_faqitem;
DROP SEQUENCE public.easy_thumbnails_thumbnaildimensions_id_seq;
DROP TABLE public.easy_thumbnails_thumbnaildimensions;
DROP SEQUENCE public.easy_thumbnails_thumbnail_id_seq;
DROP TABLE public.easy_thumbnails_thumbnail;
DROP SEQUENCE public.easy_thumbnails_source_id_seq;
DROP TABLE public.easy_thumbnails_source;
DROP SEQUENCE public.django_site_id_seq;
DROP TABLE public.django_site;
DROP TABLE public.django_session;
DROP SEQUENCE public.django_migrations_id_seq;
DROP TABLE public.django_migrations;
DROP SEQUENCE public.django_content_type_id_seq;
DROP TABLE public.django_content_type;
DROP SEQUENCE public.django_celery_beat_solarschedule_id_seq;
DROP TABLE public.django_celery_beat_solarschedule;
DROP TABLE public.django_celery_beat_periodictasks;
DROP SEQUENCE public.django_celery_beat_periodictask_id_seq;
DROP TABLE public.django_celery_beat_periodictask;
DROP SEQUENCE public.django_celery_beat_intervalschedule_id_seq;
DROP TABLE public.django_celery_beat_intervalschedule;
DROP SEQUENCE public.django_celery_beat_crontabschedule_id_seq;
DROP TABLE public.django_celery_beat_crontabschedule;
DROP SEQUENCE public.django_celery_beat_clockedschedule_id_seq;
DROP TABLE public.django_celery_beat_clockedschedule;
DROP SEQUENCE public.django_admin_log_id_seq;
DROP TABLE public.django_admin_log;
DROP SEQUENCE public.control_theme_id_seq;
DROP TABLE public.control_theme;
DROP SEQUENCE public.control_responsefile_id_seq;
DROP TABLE public.control_responsefile;
DROP SEQUENCE public.control_questionnaire_id_seq;
DROP TABLE public.control_questionnaire;
DROP SEQUENCE public.control_questionfile_id_seq;
DROP TABLE public.control_questionfile;
DROP SEQUENCE public.control_question_id_seq;
DROP TABLE public.control_question;
DROP SEQUENCE public.control_control_id_seq;
DROP TABLE public.control_control;
DROP SEQUENCE public.auth_user_user_permissions_id_seq;
DROP TABLE public.auth_user_user_permissions;
DROP SEQUENCE public.auth_user_id_seq;
DROP SEQUENCE public.auth_user_groups_id_seq;
DROP TABLE public.auth_user_groups;
DROP TABLE public.auth_user;
DROP SEQUENCE public.auth_permission_id_seq;
DROP TABLE public.auth_permission;
DROP SEQUENCE public.auth_group_permissions_id_seq;
DROP TABLE public.auth_group_permissions;
DROP SEQUENCE public.auth_group_id_seq;
DROP TABLE public.auth_group;
DROP SEQUENCE public.actstream_follow_id_seq;
DROP TABLE public.actstream_follow;
DROP SEQUENCE public.actstream_action_id_seq;
DROP TABLE public.actstream_action;
DROP EXTENSION plpgsql;
--
-- TOC entry 1 (class 3079 OID 16386)
-- Name: plpgsql; Type: EXTENSION; Schema: -; Owner: -
--

CREATE EXTENSION IF NOT EXISTS plpgsql WITH SCHEMA pg_catalog;


--
-- TOC entry 3453 (class 0 OID 0)
-- Dependencies: 1
-- Name: EXTENSION plpgsql; Type: COMMENT; Schema: -; Owner: -
--

COMMENT ON EXTENSION plpgsql IS 'PL/pgSQL procedural language';


SET default_tablespace = '';

SET default_with_oids = false;

--
-- TOC entry 196 (class 1259 OID 16391)
-- Name: actstream_action; Type: TABLE; Schema: public; Owner: -
--

CREATE TABLE public.actstream_action (
    id integer NOT NULL,
    actor_object_id character varying(255) NOT NULL,
    verb character varying(255) NOT NULL,
    description text,
    target_object_id character varying(255),
    action_object_object_id character varying(255),
    "timestamp" timestamp with time zone NOT NULL,
    public boolean NOT NULL,
    action_object_content_type_id integer,
    actor_content_type_id integer NOT NULL,
    target_content_type_id integer
);


--
-- TOC entry 197 (class 1259 OID 16397)
-- Name: actstream_action_id_seq; Type: SEQUENCE; Schema: public; Owner: -
--

CREATE SEQUENCE public.actstream_action_id_seq
    AS integer
    START WITH 1
    INCREMENT BY 1
    NO MINVALUE
    NO MAXVALUE
    CACHE 1;


--
-- TOC entry 3454 (class 0 OID 0)
-- Dependencies: 197
-- Name: actstream_action_id_seq; Type: SEQUENCE OWNED BY; Schema: public; Owner: -
--

ALTER SEQUENCE public.actstream_action_id_seq OWNED BY public.actstream_action.id;


--
-- TOC entry 198 (class 1259 OID 16399)
-- Name: actstream_follow; Type: TABLE; Schema: public; Owner: -
--

CREATE TABLE public.actstream_follow (
    id integer NOT NULL,
    object_id character varying(255) NOT NULL,
    actor_only boolean NOT NULL,
    started timestamp with time zone NOT NULL,
    content_type_id integer NOT NULL,
    user_id integer NOT NULL,
    flag character varying(255) NOT NULL
);


--
-- TOC entry 199 (class 1259 OID 16405)
-- Name: actstream_follow_id_seq; Type: SEQUENCE; Schema: public; Owner: -
--

CREATE SEQUENCE public.actstream_follow_id_seq
    AS integer
    START WITH 1
    INCREMENT BY 1
    NO MINVALUE
    NO MAXVALUE
    CACHE 1;


--
-- TOC entry 3455 (class 0 OID 0)
-- Dependencies: 199
-- Name: actstream_follow_id_seq; Type: SEQUENCE OWNED BY; Schema: public; Owner: -
--

ALTER SEQUENCE public.actstream_follow_id_seq OWNED BY public.actstream_follow.id;


--
-- TOC entry 200 (class 1259 OID 16407)
-- Name: auth_group; Type: TABLE; Schema: public; Owner: -
--

CREATE TABLE public.auth_group (
    id integer NOT NULL,
    name character varying(150) NOT NULL
);


--
-- TOC entry 201 (class 1259 OID 16410)
-- Name: auth_group_id_seq; Type: SEQUENCE; Schema: public; Owner: -
--

CREATE SEQUENCE public.auth_group_id_seq
    AS integer
    START WITH 1
    INCREMENT BY 1
    NO MINVALUE
    NO MAXVALUE
    CACHE 1;


--
-- TOC entry 3456 (class 0 OID 0)
-- Dependencies: 201
-- Name: auth_group_id_seq; Type: SEQUENCE OWNED BY; Schema: public; Owner: -
--

ALTER SEQUENCE public.auth_group_id_seq OWNED BY public.auth_group.id;


--
-- TOC entry 202 (class 1259 OID 16412)
-- Name: auth_group_permissions; Type: TABLE; Schema: public; Owner: -
--

CREATE TABLE public.auth_group_permissions (
    id integer NOT NULL,
    group_id integer NOT NULL,
    permission_id integer NOT NULL
);


--
-- TOC entry 203 (class 1259 OID 16415)
-- Name: auth_group_permissions_id_seq; Type: SEQUENCE; Schema: public; Owner: -
--

CREATE SEQUENCE public.auth_group_permissions_id_seq
    AS integer
    START WITH 1
    INCREMENT BY 1
    NO MINVALUE
    NO MAXVALUE
    CACHE 1;


--
-- TOC entry 3457 (class 0 OID 0)
-- Dependencies: 203
-- Name: auth_group_permissions_id_seq; Type: SEQUENCE OWNED BY; Schema: public; Owner: -
--

ALTER SEQUENCE public.auth_group_permissions_id_seq OWNED BY public.auth_group_permissions.id;


--
-- TOC entry 204 (class 1259 OID 16417)
-- Name: auth_permission; Type: TABLE; Schema: public; Owner: -
--

CREATE TABLE public.auth_permission (
    id integer NOT NULL,
    name character varying(255) NOT NULL,
    content_type_id integer NOT NULL,
    codename character varying(100) NOT NULL
);


--
-- TOC entry 205 (class 1259 OID 16420)
-- Name: auth_permission_id_seq; Type: SEQUENCE; Schema: public; Owner: -
--

CREATE SEQUENCE public.auth_permission_id_seq
    AS integer
    START WITH 1
    INCREMENT BY 1
    NO MINVALUE
    NO MAXVALUE
    CACHE 1;


--
-- TOC entry 3458 (class 0 OID 0)
-- Dependencies: 205
-- Name: auth_permission_id_seq; Type: SEQUENCE OWNED BY; Schema: public; Owner: -
--

ALTER SEQUENCE public.auth_permission_id_seq OWNED BY public.auth_permission.id;


--
-- TOC entry 206 (class 1259 OID 16422)
-- Name: auth_user; Type: TABLE; Schema: public; Owner: -
--

CREATE TABLE public.auth_user (
    id integer NOT NULL,
    password character varying(128) NOT NULL,
    last_login timestamp with time zone,
    is_superuser boolean NOT NULL,
    username character varying(150) NOT NULL,
    first_name character varying(30) NOT NULL,
    last_name character varying(150) NOT NULL,
    email character varying(254) NOT NULL,
    is_staff boolean NOT NULL,
    is_active boolean NOT NULL,
    date_joined timestamp with time zone NOT NULL
);


--
-- TOC entry 207 (class 1259 OID 16428)
-- Name: auth_user_groups; Type: TABLE; Schema: public; Owner: -
--

CREATE TABLE public.auth_user_groups (
    id integer NOT NULL,
    user_id integer NOT NULL,
    group_id integer NOT NULL
);


--
-- TOC entry 208 (class 1259 OID 16431)
-- Name: auth_user_groups_id_seq; Type: SEQUENCE; Schema: public; Owner: -
--

CREATE SEQUENCE public.auth_user_groups_id_seq
    AS integer
    START WITH 1
    INCREMENT BY 1
    NO MINVALUE
    NO MAXVALUE
    CACHE 1;


--
-- TOC entry 3459 (class 0 OID 0)
-- Dependencies: 208
-- Name: auth_user_groups_id_seq; Type: SEQUENCE OWNED BY; Schema: public; Owner: -
--

ALTER SEQUENCE public.auth_user_groups_id_seq OWNED BY public.auth_user_groups.id;


--
-- TOC entry 209 (class 1259 OID 16433)
-- Name: auth_user_id_seq; Type: SEQUENCE; Schema: public; Owner: -
--

CREATE SEQUENCE public.auth_user_id_seq
    AS integer
    START WITH 1
    INCREMENT BY 1
    NO MINVALUE
    NO MAXVALUE
    CACHE 1;


--
-- TOC entry 3460 (class 0 OID 0)
-- Dependencies: 209
-- Name: auth_user_id_seq; Type: SEQUENCE OWNED BY; Schema: public; Owner: -
--

ALTER SEQUENCE public.auth_user_id_seq OWNED BY public.auth_user.id;


--
-- TOC entry 210 (class 1259 OID 16435)
-- Name: auth_user_user_permissions; Type: TABLE; Schema: public; Owner: -
--

CREATE TABLE public.auth_user_user_permissions (
    id integer NOT NULL,
    user_id integer NOT NULL,
    permission_id integer NOT NULL
);


--
-- TOC entry 211 (class 1259 OID 16438)
-- Name: auth_user_user_permissions_id_seq; Type: SEQUENCE; Schema: public; Owner: -
--

CREATE SEQUENCE public.auth_user_user_permissions_id_seq
    AS integer
    START WITH 1
    INCREMENT BY 1
    NO MINVALUE
    NO MAXVALUE
    CACHE 1;


--
-- TOC entry 3461 (class 0 OID 0)
-- Dependencies: 211
-- Name: auth_user_user_permissions_id_seq; Type: SEQUENCE OWNED BY; Schema: public; Owner: -
--

ALTER SEQUENCE public.auth_user_user_permissions_id_seq OWNED BY public.auth_user_user_permissions.id;


--
-- TOC entry 212 (class 1259 OID 16440)
-- Name: control_control; Type: TABLE; Schema: public; Owner: -
--

CREATE TABLE public.control_control (
    id integer NOT NULL,
    title character varying(255) NOT NULL,
    reference_code character varying(255) NOT NULL,
    depositing_organization character varying(255) NOT NULL
);


--
-- TOC entry 213 (class 1259 OID 16446)
-- Name: control_control_id_seq; Type: SEQUENCE; Schema: public; Owner: -
--

CREATE SEQUENCE public.control_control_id_seq
    AS integer
    START WITH 1
    INCREMENT BY 1
    NO MINVALUE
    NO MAXVALUE
    CACHE 1;


--
-- TOC entry 3462 (class 0 OID 0)
-- Dependencies: 213
-- Name: control_control_id_seq; Type: SEQUENCE OWNED BY; Schema: public; Owner: -
--

ALTER SEQUENCE public.control_control_id_seq OWNED BY public.control_control.id;


--
-- TOC entry 214 (class 1259 OID 16448)
-- Name: control_question; Type: TABLE; Schema: public; Owner: -
--

CREATE TABLE public.control_question (
    id integer NOT NULL,
    "order" integer NOT NULL,
    description text NOT NULL,
    theme_id integer,
    CONSTRAINT control_question_order_check CHECK (("order" >= 0))
);


--
-- TOC entry 215 (class 1259 OID 16455)
-- Name: control_question_id_seq; Type: SEQUENCE; Schema: public; Owner: -
--

CREATE SEQUENCE public.control_question_id_seq
    AS integer
    START WITH 1
    INCREMENT BY 1
    NO MINVALUE
    NO MAXVALUE
    CACHE 1;


--
-- TOC entry 3463 (class 0 OID 0)
-- Dependencies: 215
-- Name: control_question_id_seq; Type: SEQUENCE OWNED BY; Schema: public; Owner: -
--

ALTER SEQUENCE public.control_question_id_seq OWNED BY public.control_question.id;


--
-- TOC entry 216 (class 1259 OID 16457)
-- Name: control_questionfile; Type: TABLE; Schema: public; Owner: -
--

CREATE TABLE public.control_questionfile (
    id integer NOT NULL,
    "order" integer NOT NULL,
    question_id integer NOT NULL,
    file character varying(100) NOT NULL,
    CONSTRAINT control_questionfile_order_check CHECK (("order" >= 0))
);


--
-- TOC entry 217 (class 1259 OID 16461)
-- Name: control_questionfile_id_seq; Type: SEQUENCE; Schema: public; Owner: -
--

CREATE SEQUENCE public.control_questionfile_id_seq
    AS integer
    START WITH 1
    INCREMENT BY 1
    NO MINVALUE
    NO MAXVALUE
    CACHE 1;


--
-- TOC entry 3464 (class 0 OID 0)
-- Dependencies: 217
-- Name: control_questionfile_id_seq; Type: SEQUENCE OWNED BY; Schema: public; Owner: -
--

ALTER SEQUENCE public.control_questionfile_id_seq OWNED BY public.control_questionfile.id;


--
-- TOC entry 218 (class 1259 OID 16463)
-- Name: control_questionnaire; Type: TABLE; Schema: public; Owner: -
--

CREATE TABLE public.control_questionnaire (
    id integer NOT NULL,
    "order" integer NOT NULL,
    title character varying(255) NOT NULL,
    end_date date,
    description text NOT NULL,
    control_id integer,
    uploaded_file character varying(100),
    sent_date date,
    is_draft boolean NOT NULL,
    generated_file character varying(100),
    CONSTRAINT control_questionnaire_order_check CHECK (("order" >= 0))
);


--
-- TOC entry 219 (class 1259 OID 16470)
-- Name: control_questionnaire_id_seq; Type: SEQUENCE; Schema: public; Owner: -
--

CREATE SEQUENCE public.control_questionnaire_id_seq
    AS integer
    START WITH 1
    INCREMENT BY 1
    NO MINVALUE
    NO MAXVALUE
    CACHE 1;


--
-- TOC entry 3465 (class 0 OID 0)
-- Dependencies: 219
-- Name: control_questionnaire_id_seq; Type: SEQUENCE OWNED BY; Schema: public; Owner: -
--

ALTER SEQUENCE public.control_questionnaire_id_seq OWNED BY public.control_questionnaire.id;


--
-- TOC entry 220 (class 1259 OID 16472)
-- Name: control_responsefile; Type: TABLE; Schema: public; Owner: -
--

CREATE TABLE public.control_responsefile (
    id integer NOT NULL,
    file character varying(100) NOT NULL,
    question_id integer NOT NULL,
    created timestamp with time zone NOT NULL,
    modified timestamp with time zone NOT NULL,
    author_id integer NOT NULL,
    is_deleted boolean NOT NULL
);


--
-- TOC entry 221 (class 1259 OID 16475)
-- Name: control_responsefile_id_seq; Type: SEQUENCE; Schema: public; Owner: -
--

CREATE SEQUENCE public.control_responsefile_id_seq
    AS integer
    START WITH 1
    INCREMENT BY 1
    NO MINVALUE
    NO MAXVALUE
    CACHE 1;


--
-- TOC entry 3466 (class 0 OID 0)
-- Dependencies: 221
-- Name: control_responsefile_id_seq; Type: SEQUENCE OWNED BY; Schema: public; Owner: -
--

ALTER SEQUENCE public.control_responsefile_id_seq OWNED BY public.control_responsefile.id;


--
-- TOC entry 222 (class 1259 OID 16477)
-- Name: control_theme; Type: TABLE; Schema: public; Owner: -
--

CREATE TABLE public.control_theme (
    id integer NOT NULL,
    title character varying(255) NOT NULL,
    questionnaire_id integer,
    "order" integer NOT NULL,
    CONSTRAINT control_theme_order_check CHECK (("order" >= 0))
);


--
-- TOC entry 223 (class 1259 OID 16481)
-- Name: control_theme_id_seq; Type: SEQUENCE; Schema: public; Owner: -
--

CREATE SEQUENCE public.control_theme_id_seq
    AS integer
    START WITH 1
    INCREMENT BY 1
    NO MINVALUE
    NO MAXVALUE
    CACHE 1;


--
-- TOC entry 3467 (class 0 OID 0)
-- Dependencies: 223
-- Name: control_theme_id_seq; Type: SEQUENCE OWNED BY; Schema: public; Owner: -
--

ALTER SEQUENCE public.control_theme_id_seq OWNED BY public.control_theme.id;


--
-- TOC entry 224 (class 1259 OID 16483)
-- Name: django_admin_log; Type: TABLE; Schema: public; Owner: -
--

CREATE TABLE public.django_admin_log (
    id integer NOT NULL,
    action_time timestamp with time zone NOT NULL,
    object_id text,
    object_repr character varying(200) NOT NULL,
    action_flag smallint NOT NULL,
    change_message text NOT NULL,
    content_type_id integer,
    user_id integer NOT NULL,
    CONSTRAINT django_admin_log_action_flag_check CHECK ((action_flag >= 0))
);


--
-- TOC entry 225 (class 1259 OID 16490)
-- Name: django_admin_log_id_seq; Type: SEQUENCE; Schema: public; Owner: -
--

CREATE SEQUENCE public.django_admin_log_id_seq
    AS integer
    START WITH 1
    INCREMENT BY 1
    NO MINVALUE
    NO MAXVALUE
    CACHE 1;


--
-- TOC entry 3468 (class 0 OID 0)
-- Dependencies: 225
-- Name: django_admin_log_id_seq; Type: SEQUENCE OWNED BY; Schema: public; Owner: -
--

ALTER SEQUENCE public.django_admin_log_id_seq OWNED BY public.django_admin_log.id;


--
-- TOC entry 226 (class 1259 OID 16492)
-- Name: django_celery_beat_clockedschedule; Type: TABLE; Schema: public; Owner: -
--

CREATE TABLE public.django_celery_beat_clockedschedule (
    id integer NOT NULL,
    clocked_time timestamp with time zone NOT NULL,
    enabled boolean NOT NULL
);


--
-- TOC entry 227 (class 1259 OID 16495)
-- Name: django_celery_beat_clockedschedule_id_seq; Type: SEQUENCE; Schema: public; Owner: -
--

CREATE SEQUENCE public.django_celery_beat_clockedschedule_id_seq
    AS integer
    START WITH 1
    INCREMENT BY 1
    NO MINVALUE
    NO MAXVALUE
    CACHE 1;


--
-- TOC entry 3469 (class 0 OID 0)
-- Dependencies: 227
-- Name: django_celery_beat_clockedschedule_id_seq; Type: SEQUENCE OWNED BY; Schema: public; Owner: -
--

ALTER SEQUENCE public.django_celery_beat_clockedschedule_id_seq OWNED BY public.django_celery_beat_clockedschedule.id;


--
-- TOC entry 228 (class 1259 OID 16497)
-- Name: django_celery_beat_crontabschedule; Type: TABLE; Schema: public; Owner: -
--

CREATE TABLE public.django_celery_beat_crontabschedule (
    id integer NOT NULL,
    minute character varying(240) NOT NULL,
    hour character varying(96) NOT NULL,
    day_of_week character varying(64) NOT NULL,
    day_of_month character varying(124) NOT NULL,
    month_of_year character varying(64) NOT NULL,
    timezone character varying(63) NOT NULL
);


--
-- TOC entry 229 (class 1259 OID 16503)
-- Name: django_celery_beat_crontabschedule_id_seq; Type: SEQUENCE; Schema: public; Owner: -
--

CREATE SEQUENCE public.django_celery_beat_crontabschedule_id_seq
    AS integer
    START WITH 1
    INCREMENT BY 1
    NO MINVALUE
    NO MAXVALUE
    CACHE 1;


--
-- TOC entry 3470 (class 0 OID 0)
-- Dependencies: 229
-- Name: django_celery_beat_crontabschedule_id_seq; Type: SEQUENCE OWNED BY; Schema: public; Owner: -
--

ALTER SEQUENCE public.django_celery_beat_crontabschedule_id_seq OWNED BY public.django_celery_beat_crontabschedule.id;


--
-- TOC entry 230 (class 1259 OID 16505)
-- Name: django_celery_beat_intervalschedule; Type: TABLE; Schema: public; Owner: -
--

CREATE TABLE public.django_celery_beat_intervalschedule (
    id integer NOT NULL,
    every integer NOT NULL,
    period character varying(24) NOT NULL
);


--
-- TOC entry 231 (class 1259 OID 16508)
-- Name: django_celery_beat_intervalschedule_id_seq; Type: SEQUENCE; Schema: public; Owner: -
--

CREATE SEQUENCE public.django_celery_beat_intervalschedule_id_seq
    AS integer
    START WITH 1
    INCREMENT BY 1
    NO MINVALUE
    NO MAXVALUE
    CACHE 1;


--
-- TOC entry 3471 (class 0 OID 0)
-- Dependencies: 231
-- Name: django_celery_beat_intervalschedule_id_seq; Type: SEQUENCE OWNED BY; Schema: public; Owner: -
--

ALTER SEQUENCE public.django_celery_beat_intervalschedule_id_seq OWNED BY public.django_celery_beat_intervalschedule.id;


--
-- TOC entry 232 (class 1259 OID 16510)
-- Name: django_celery_beat_periodictask; Type: TABLE; Schema: public; Owner: -
--

CREATE TABLE public.django_celery_beat_periodictask (
    id integer NOT NULL,
    name character varying(200) NOT NULL,
    task character varying(200) NOT NULL,
    args text NOT NULL,
    kwargs text NOT NULL,
    queue character varying(200),
    exchange character varying(200),
    routing_key character varying(200),
    expires timestamp with time zone,
    enabled boolean NOT NULL,
    last_run_at timestamp with time zone,
    total_run_count integer NOT NULL,
    date_changed timestamp with time zone NOT NULL,
    description text NOT NULL,
    crontab_id integer,
    interval_id integer,
    solar_id integer,
    one_off boolean NOT NULL,
    start_time timestamp with time zone,
    priority integer,
    headers text NOT NULL,
    clocked_id integer,
    CONSTRAINT django_celery_beat_periodictask_priority_check CHECK ((priority >= 0)),
    CONSTRAINT django_celery_beat_periodictask_total_run_count_check CHECK ((total_run_count >= 0))
);


--
-- TOC entry 233 (class 1259 OID 16518)
-- Name: django_celery_beat_periodictask_id_seq; Type: SEQUENCE; Schema: public; Owner: -
--

CREATE SEQUENCE public.django_celery_beat_periodictask_id_seq
    AS integer
    START WITH 1
    INCREMENT BY 1
    NO MINVALUE
    NO MAXVALUE
    CACHE 1;


--
-- TOC entry 3472 (class 0 OID 0)
-- Dependencies: 233
-- Name: django_celery_beat_periodictask_id_seq; Type: SEQUENCE OWNED BY; Schema: public; Owner: -
--

ALTER SEQUENCE public.django_celery_beat_periodictask_id_seq OWNED BY public.django_celery_beat_periodictask.id;


--
-- TOC entry 234 (class 1259 OID 16520)
-- Name: django_celery_beat_periodictasks; Type: TABLE; Schema: public; Owner: -
--

CREATE TABLE public.django_celery_beat_periodictasks (
    ident smallint NOT NULL,
    last_update timestamp with time zone NOT NULL
);


--
-- TOC entry 235 (class 1259 OID 16523)
-- Name: django_celery_beat_solarschedule; Type: TABLE; Schema: public; Owner: -
--

CREATE TABLE public.django_celery_beat_solarschedule (
    id integer NOT NULL,
    event character varying(24) NOT NULL,
    latitude numeric(9,6) NOT NULL,
    longitude numeric(9,6) NOT NULL
);


--
-- TOC entry 236 (class 1259 OID 16526)
-- Name: django_celery_beat_solarschedule_id_seq; Type: SEQUENCE; Schema: public; Owner: -
--

CREATE SEQUENCE public.django_celery_beat_solarschedule_id_seq
    AS integer
    START WITH 1
    INCREMENT BY 1
    NO MINVALUE
    NO MAXVALUE
    CACHE 1;


--
-- TOC entry 3473 (class 0 OID 0)
-- Dependencies: 236
-- Name: django_celery_beat_solarschedule_id_seq; Type: SEQUENCE OWNED BY; Schema: public; Owner: -
--

ALTER SEQUENCE public.django_celery_beat_solarschedule_id_seq OWNED BY public.django_celery_beat_solarschedule.id;


--
-- TOC entry 237 (class 1259 OID 16528)
-- Name: django_content_type; Type: TABLE; Schema: public; Owner: -
--

CREATE TABLE public.django_content_type (
    id integer NOT NULL,
    app_label character varying(100) NOT NULL,
    model character varying(100) NOT NULL
);


--
-- TOC entry 238 (class 1259 OID 16531)
-- Name: django_content_type_id_seq; Type: SEQUENCE; Schema: public; Owner: -
--

CREATE SEQUENCE public.django_content_type_id_seq
    AS integer
    START WITH 1
    INCREMENT BY 1
    NO MINVALUE
    NO MAXVALUE
    CACHE 1;


--
-- TOC entry 3474 (class 0 OID 0)
-- Dependencies: 238
-- Name: django_content_type_id_seq; Type: SEQUENCE OWNED BY; Schema: public; Owner: -
--

ALTER SEQUENCE public.django_content_type_id_seq OWNED BY public.django_content_type.id;


--
-- TOC entry 239 (class 1259 OID 16533)
-- Name: django_migrations; Type: TABLE; Schema: public; Owner: -
--

CREATE TABLE public.django_migrations (
    id integer NOT NULL,
    app character varying(255) NOT NULL,
    name character varying(255) NOT NULL,
    applied timestamp with time zone NOT NULL
);


--
-- TOC entry 240 (class 1259 OID 16539)
-- Name: django_migrations_id_seq; Type: SEQUENCE; Schema: public; Owner: -
--

CREATE SEQUENCE public.django_migrations_id_seq
    AS integer
    START WITH 1
    INCREMENT BY 1
    NO MINVALUE
    NO MAXVALUE
    CACHE 1;


--
-- TOC entry 3475 (class 0 OID 0)
-- Dependencies: 240
-- Name: django_migrations_id_seq; Type: SEQUENCE OWNED BY; Schema: public; Owner: -
--

ALTER SEQUENCE public.django_migrations_id_seq OWNED BY public.django_migrations.id;


--
-- TOC entry 241 (class 1259 OID 16541)
-- Name: django_session; Type: TABLE; Schema: public; Owner: -
--

CREATE TABLE public.django_session (
    session_key character varying(40) NOT NULL,
    session_data text NOT NULL,
    expire_date timestamp with time zone NOT NULL
);


--
-- TOC entry 242 (class 1259 OID 16547)
-- Name: django_site; Type: TABLE; Schema: public; Owner: -
--

CREATE TABLE public.django_site (
    id integer NOT NULL,
    domain character varying(100) NOT NULL,
    name character varying(50) NOT NULL
);


--
-- TOC entry 243 (class 1259 OID 16550)
-- Name: django_site_id_seq; Type: SEQUENCE; Schema: public; Owner: -
--

CREATE SEQUENCE public.django_site_id_seq
    AS integer
    START WITH 1
    INCREMENT BY 1
    NO MINVALUE
    NO MAXVALUE
    CACHE 1;


--
-- TOC entry 3476 (class 0 OID 0)
-- Dependencies: 243
-- Name: django_site_id_seq; Type: SEQUENCE OWNED BY; Schema: public; Owner: -
--

ALTER SEQUENCE public.django_site_id_seq OWNED BY public.django_site.id;


--
-- TOC entry 244 (class 1259 OID 16552)
-- Name: easy_thumbnails_source; Type: TABLE; Schema: public; Owner: -
--

CREATE TABLE public.easy_thumbnails_source (
    id integer NOT NULL,
    storage_hash character varying(40) NOT NULL,
    name character varying(255) NOT NULL,
    modified timestamp with time zone NOT NULL
);


--
-- TOC entry 245 (class 1259 OID 16555)
-- Name: easy_thumbnails_source_id_seq; Type: SEQUENCE; Schema: public; Owner: -
--

CREATE SEQUENCE public.easy_thumbnails_source_id_seq
    AS integer
    START WITH 1
    INCREMENT BY 1
    NO MINVALUE
    NO MAXVALUE
    CACHE 1;


--
-- TOC entry 3477 (class 0 OID 0)
-- Dependencies: 245
-- Name: easy_thumbnails_source_id_seq; Type: SEQUENCE OWNED BY; Schema: public; Owner: -
--

ALTER SEQUENCE public.easy_thumbnails_source_id_seq OWNED BY public.easy_thumbnails_source.id;


--
-- TOC entry 246 (class 1259 OID 16557)
-- Name: easy_thumbnails_thumbnail; Type: TABLE; Schema: public; Owner: -
--

CREATE TABLE public.easy_thumbnails_thumbnail (
    id integer NOT NULL,
    storage_hash character varying(40) NOT NULL,
    name character varying(255) NOT NULL,
    modified timestamp with time zone NOT NULL,
    source_id integer NOT NULL
);


--
-- TOC entry 247 (class 1259 OID 16560)
-- Name: easy_thumbnails_thumbnail_id_seq; Type: SEQUENCE; Schema: public; Owner: -
--

CREATE SEQUENCE public.easy_thumbnails_thumbnail_id_seq
    AS integer
    START WITH 1
    INCREMENT BY 1
    NO MINVALUE
    NO MAXVALUE
    CACHE 1;


--
-- TOC entry 3478 (class 0 OID 0)
-- Dependencies: 247
-- Name: easy_thumbnails_thumbnail_id_seq; Type: SEQUENCE OWNED BY; Schema: public; Owner: -
--

ALTER SEQUENCE public.easy_thumbnails_thumbnail_id_seq OWNED BY public.easy_thumbnails_thumbnail.id;


--
-- TOC entry 248 (class 1259 OID 16562)
-- Name: easy_thumbnails_thumbnaildimensions; Type: TABLE; Schema: public; Owner: -
--

CREATE TABLE public.easy_thumbnails_thumbnaildimensions (
    id integer NOT NULL,
    thumbnail_id integer NOT NULL,
    width integer,
    height integer,
    CONSTRAINT easy_thumbnails_thumbnaildimensions_height_check CHECK ((height >= 0)),
    CONSTRAINT easy_thumbnails_thumbnaildimensions_width_check CHECK ((width >= 0))
);


--
-- TOC entry 249 (class 1259 OID 16567)
-- Name: easy_thumbnails_thumbnaildimensions_id_seq; Type: SEQUENCE; Schema: public; Owner: -
--

CREATE SEQUENCE public.easy_thumbnails_thumbnaildimensions_id_seq
    AS integer
    START WITH 1
    INCREMENT BY 1
    NO MINVALUE
    NO MAXVALUE
    CACHE 1;


--
-- TOC entry 3479 (class 0 OID 0)
-- Dependencies: 249
-- Name: easy_thumbnails_thumbnaildimensions_id_seq; Type: SEQUENCE OWNED BY; Schema: public; Owner: -
--

ALTER SEQUENCE public.easy_thumbnails_thumbnaildimensions_id_seq OWNED BY public.easy_thumbnails_thumbnaildimensions.id;


--
-- TOC entry 250 (class 1259 OID 16569)
-- Name: faq_faqitem; Type: TABLE; Schema: public; Owner: -
--

CREATE TABLE public.faq_faqitem (
    id integer NOT NULL,
    "order" integer NOT NULL,
    title character varying(255) NOT NULL,
    slug character varying(255) NOT NULL,
    description text NOT NULL,
    CONSTRAINT faq_faqitem_order_check CHECK (("order" >= 0))
);


--
-- TOC entry 251 (class 1259 OID 16576)
-- Name: faq_faqitem_id_seq; Type: SEQUENCE; Schema: public; Owner: -
--

CREATE SEQUENCE public.faq_faqitem_id_seq
    AS integer
    START WITH 1
    INCREMENT BY 1
    NO MINVALUE
    NO MAXVALUE
    CACHE 1;


--
-- TOC entry 3480 (class 0 OID 0)
-- Dependencies: 251
-- Name: faq_faqitem_id_seq; Type: SEQUENCE OWNED BY; Schema: public; Owner: -
--

ALTER SEQUENCE public.faq_faqitem_id_seq OWNED BY public.faq_faqitem.id;


--
-- TOC entry 252 (class 1259 OID 16578)
-- Name: filer_clipboard; Type: TABLE; Schema: public; Owner: -
--

CREATE TABLE public.filer_clipboard (
    id integer NOT NULL,
    user_id integer NOT NULL
);


--
-- TOC entry 253 (class 1259 OID 16581)
-- Name: filer_clipboard_id_seq; Type: SEQUENCE; Schema: public; Owner: -
--

CREATE SEQUENCE public.filer_clipboard_id_seq
    AS integer
    START WITH 1
    INCREMENT BY 1
    NO MINVALUE
    NO MAXVALUE
    CACHE 1;


--
-- TOC entry 3481 (class 0 OID 0)
-- Dependencies: 253
-- Name: filer_clipboard_id_seq; Type: SEQUENCE OWNED BY; Schema: public; Owner: -
--

ALTER SEQUENCE public.filer_clipboard_id_seq OWNED BY public.filer_clipboard.id;


--
-- TOC entry 254 (class 1259 OID 16583)
-- Name: filer_clipboarditem; Type: TABLE; Schema: public; Owner: -
--

CREATE TABLE public.filer_clipboarditem (
    id integer NOT NULL,
    clipboard_id integer NOT NULL,
    file_id integer NOT NULL
);


--
-- TOC entry 255 (class 1259 OID 16586)
-- Name: filer_clipboarditem_id_seq; Type: SEQUENCE; Schema: public; Owner: -
--

CREATE SEQUENCE public.filer_clipboarditem_id_seq
    AS integer
    START WITH 1
    INCREMENT BY 1
    NO MINVALUE
    NO MAXVALUE
    CACHE 1;


--
-- TOC entry 3482 (class 0 OID 0)
-- Dependencies: 255
-- Name: filer_clipboarditem_id_seq; Type: SEQUENCE OWNED BY; Schema: public; Owner: -
--

ALTER SEQUENCE public.filer_clipboarditem_id_seq OWNED BY public.filer_clipboarditem.id;


--
-- TOC entry 256 (class 1259 OID 16588)
-- Name: filer_file; Type: TABLE; Schema: public; Owner: -
--

CREATE TABLE public.filer_file (
    id integer NOT NULL,
    file character varying(255),
    _file_size bigint,
    sha1 character varying(40) NOT NULL,
    has_all_mandatory_data boolean NOT NULL,
    original_filename character varying(255),
    name character varying(255) NOT NULL,
    description text,
    uploaded_at timestamp with time zone NOT NULL,
    modified_at timestamp with time zone NOT NULL,
    is_public boolean NOT NULL,
    folder_id integer,
    owner_id integer,
    polymorphic_ctype_id integer
);


--
-- TOC entry 257 (class 1259 OID 16594)
-- Name: filer_file_id_seq; Type: SEQUENCE; Schema: public; Owner: -
--

CREATE SEQUENCE public.filer_file_id_seq
    AS integer
    START WITH 1
    INCREMENT BY 1
    NO MINVALUE
    NO MAXVALUE
    CACHE 1;


--
-- TOC entry 3483 (class 0 OID 0)
-- Dependencies: 257
-- Name: filer_file_id_seq; Type: SEQUENCE OWNED BY; Schema: public; Owner: -
--

ALTER SEQUENCE public.filer_file_id_seq OWNED BY public.filer_file.id;


--
-- TOC entry 258 (class 1259 OID 16596)
-- Name: filer_folder; Type: TABLE; Schema: public; Owner: -
--

CREATE TABLE public.filer_folder (
    id integer NOT NULL,
    name character varying(255) NOT NULL,
    uploaded_at timestamp with time zone NOT NULL,
    created_at timestamp with time zone NOT NULL,
    modified_at timestamp with time zone NOT NULL,
    lft integer NOT NULL,
    rght integer NOT NULL,
    tree_id integer NOT NULL,
    level integer NOT NULL,
    owner_id integer,
    parent_id integer,
    CONSTRAINT filer_folder_level_check CHECK ((level >= 0)),
    CONSTRAINT filer_folder_lft_check CHECK ((lft >= 0)),
    CONSTRAINT filer_folder_rght_check CHECK ((rght >= 0)),
    CONSTRAINT filer_folder_tree_id_check CHECK ((tree_id >= 0))
);


--
-- TOC entry 259 (class 1259 OID 16603)
-- Name: filer_folder_id_seq; Type: SEQUENCE; Schema: public; Owner: -
--

CREATE SEQUENCE public.filer_folder_id_seq
    AS integer
    START WITH 1
    INCREMENT BY 1
    NO MINVALUE
    NO MAXVALUE
    CACHE 1;


--
-- TOC entry 3484 (class 0 OID 0)
-- Dependencies: 259
-- Name: filer_folder_id_seq; Type: SEQUENCE OWNED BY; Schema: public; Owner: -
--

ALTER SEQUENCE public.filer_folder_id_seq OWNED BY public.filer_folder.id;


--
-- TOC entry 260 (class 1259 OID 16605)
-- Name: filer_folderpermission; Type: TABLE; Schema: public; Owner: -
--

CREATE TABLE public.filer_folderpermission (
    id integer NOT NULL,
    type smallint NOT NULL,
    everybody boolean NOT NULL,
    can_edit smallint,
    can_read smallint,
    can_add_children smallint,
    folder_id integer,
    group_id integer,
    user_id integer
);


--
-- TOC entry 261 (class 1259 OID 16608)
-- Name: filer_folderpermission_id_seq; Type: SEQUENCE; Schema: public; Owner: -
--

CREATE SEQUENCE public.filer_folderpermission_id_seq
    AS integer
    START WITH 1
    INCREMENT BY 1
    NO MINVALUE
    NO MAXVALUE
    CACHE 1;


--
-- TOC entry 3485 (class 0 OID 0)
-- Dependencies: 261
-- Name: filer_folderpermission_id_seq; Type: SEQUENCE OWNED BY; Schema: public; Owner: -
--

ALTER SEQUENCE public.filer_folderpermission_id_seq OWNED BY public.filer_folderpermission.id;


--
-- TOC entry 262 (class 1259 OID 16610)
-- Name: filer_image; Type: TABLE; Schema: public; Owner: -
--

CREATE TABLE public.filer_image (
    file_ptr_id integer NOT NULL,
    _height integer,
    _width integer,
    date_taken timestamp with time zone,
    default_alt_text character varying(255),
    default_caption character varying(255),
    author character varying(255),
    must_always_publish_author_credit boolean NOT NULL,
    must_always_publish_copyright boolean NOT NULL,
    subject_location character varying(64) NOT NULL
);


--
-- TOC entry 263 (class 1259 OID 16616)
-- Name: filer_thumbnailoption; Type: TABLE; Schema: public; Owner: -
--

CREATE TABLE public.filer_thumbnailoption (
    id integer NOT NULL,
    name character varying(100) NOT NULL,
    width integer NOT NULL,
    height integer NOT NULL,
    crop boolean NOT NULL,
    upscale boolean NOT NULL
);


--
-- TOC entry 264 (class 1259 OID 16619)
-- Name: filer_thumbnailoption_id_seq; Type: SEQUENCE; Schema: public; Owner: -
--

CREATE SEQUENCE public.filer_thumbnailoption_id_seq
    AS integer
    START WITH 1
    INCREMENT BY 1
    NO MINVALUE
    NO MAXVALUE
    CACHE 1;


--
-- TOC entry 3486 (class 0 OID 0)
-- Dependencies: 264
-- Name: filer_thumbnailoption_id_seq; Type: SEQUENCE OWNED BY; Schema: public; Owner: -
--

ALTER SEQUENCE public.filer_thumbnailoption_id_seq OWNED BY public.filer_thumbnailoption.id;


--
-- TOC entry 265 (class 1259 OID 16621)
-- Name: magicauth_magictoken; Type: TABLE; Schema: public; Owner: -
--

CREATE TABLE public.magicauth_magictoken (
    key character varying(255) NOT NULL,
    created timestamp with time zone NOT NULL,
    user_id integer NOT NULL
);


--
-- TOC entry 266 (class 1259 OID 16624)
-- Name: user_profiles_userprofile; Type: TABLE; Schema: public; Owner: -
--

CREATE TABLE public.user_profiles_userprofile (
    user_id integer NOT NULL,
    profile_type character varying(255) NOT NULL,
    organization character varying(255) NOT NULL,
    send_files_report boolean NOT NULL,
    agreed_to_tos boolean NOT NULL
);


--
-- TOC entry 267 (class 1259 OID 16630)
-- Name: user_profiles_userprofile_controls; Type: TABLE; Schema: public; Owner: -
--

CREATE TABLE public.user_profiles_userprofile_controls (
    id integer NOT NULL,
    userprofile_id integer NOT NULL,
    control_id integer NOT NULL
);


--
-- TOC entry 268 (class 1259 OID 16633)
-- Name: user_profiles_userprofile_controls_id_seq; Type: SEQUENCE; Schema: public; Owner: -
--

CREATE SEQUENCE public.user_profiles_userprofile_controls_id_seq
    AS integer
    START WITH 1
    INCREMENT BY 1
    NO MINVALUE
    NO MAXVALUE
    CACHE 1;


--
-- TOC entry 3487 (class 0 OID 0)
-- Dependencies: 268
-- Name: user_profiles_userprofile_controls_id_seq; Type: SEQUENCE OWNED BY; Schema: public; Owner: -
--

ALTER SEQUENCE public.user_profiles_userprofile_controls_id_seq OWNED BY public.user_profiles_userprofile_controls.id;


--
-- TOC entry 2973 (class 2604 OID 16635)
-- Name: actstream_action id; Type: DEFAULT; Schema: public; Owner: -
--

ALTER TABLE ONLY public.actstream_action ALTER COLUMN id SET DEFAULT nextval('public.actstream_action_id_seq'::regclass);


--
-- TOC entry 2974 (class 2604 OID 16636)
-- Name: actstream_follow id; Type: DEFAULT; Schema: public; Owner: -
--

ALTER TABLE ONLY public.actstream_follow ALTER COLUMN id SET DEFAULT nextval('public.actstream_follow_id_seq'::regclass);


--
-- TOC entry 2975 (class 2604 OID 16637)
-- Name: auth_group id; Type: DEFAULT; Schema: public; Owner: -
--

ALTER TABLE ONLY public.auth_group ALTER COLUMN id SET DEFAULT nextval('public.auth_group_id_seq'::regclass);


--
-- TOC entry 2976 (class 2604 OID 16638)
-- Name: auth_group_permissions id; Type: DEFAULT; Schema: public; Owner: -
--

ALTER TABLE ONLY public.auth_group_permissions ALTER COLUMN id SET DEFAULT nextval('public.auth_group_permissions_id_seq'::regclass);


--
-- TOC entry 2977 (class 2604 OID 16639)
-- Name: auth_permission id; Type: DEFAULT; Schema: public; Owner: -
--

ALTER TABLE ONLY public.auth_permission ALTER COLUMN id SET DEFAULT nextval('public.auth_permission_id_seq'::regclass);


--
-- TOC entry 2978 (class 2604 OID 16640)
-- Name: auth_user id; Type: DEFAULT; Schema: public; Owner: -
--

ALTER TABLE ONLY public.auth_user ALTER COLUMN id SET DEFAULT nextval('public.auth_user_id_seq'::regclass);


--
-- TOC entry 2979 (class 2604 OID 16641)
-- Name: auth_user_groups id; Type: DEFAULT; Schema: public; Owner: -
--

ALTER TABLE ONLY public.auth_user_groups ALTER COLUMN id SET DEFAULT nextval('public.auth_user_groups_id_seq'::regclass);


--
-- TOC entry 2980 (class 2604 OID 16642)
-- Name: auth_user_user_permissions id; Type: DEFAULT; Schema: public; Owner: -
--

ALTER TABLE ONLY public.auth_user_user_permissions ALTER COLUMN id SET DEFAULT nextval('public.auth_user_user_permissions_id_seq'::regclass);


--
-- TOC entry 2981 (class 2604 OID 16643)
-- Name: control_control id; Type: DEFAULT; Schema: public; Owner: -
--

ALTER TABLE ONLY public.control_control ALTER COLUMN id SET DEFAULT nextval('public.control_control_id_seq'::regclass);


--
-- TOC entry 2982 (class 2604 OID 16644)
-- Name: control_question id; Type: DEFAULT; Schema: public; Owner: -
--

ALTER TABLE ONLY public.control_question ALTER COLUMN id SET DEFAULT nextval('public.control_question_id_seq'::regclass);


--
-- TOC entry 2984 (class 2604 OID 16645)
-- Name: control_questionfile id; Type: DEFAULT; Schema: public; Owner: -
--

ALTER TABLE ONLY public.control_questionfile ALTER COLUMN id SET DEFAULT nextval('public.control_questionfile_id_seq'::regclass);


--
-- TOC entry 2986 (class 2604 OID 16646)
-- Name: control_questionnaire id; Type: DEFAULT; Schema: public; Owner: -
--

ALTER TABLE ONLY public.control_questionnaire ALTER COLUMN id SET DEFAULT nextval('public.control_questionnaire_id_seq'::regclass);


--
-- TOC entry 2988 (class 2604 OID 16647)
-- Name: control_responsefile id; Type: DEFAULT; Schema: public; Owner: -
--

ALTER TABLE ONLY public.control_responsefile ALTER COLUMN id SET DEFAULT nextval('public.control_responsefile_id_seq'::regclass);


--
-- TOC entry 2989 (class 2604 OID 16648)
-- Name: control_theme id; Type: DEFAULT; Schema: public; Owner: -
--

ALTER TABLE ONLY public.control_theme ALTER COLUMN id SET DEFAULT nextval('public.control_theme_id_seq'::regclass);


--
-- TOC entry 2991 (class 2604 OID 16649)
-- Name: django_admin_log id; Type: DEFAULT; Schema: public; Owner: -
--

ALTER TABLE ONLY public.django_admin_log ALTER COLUMN id SET DEFAULT nextval('public.django_admin_log_id_seq'::regclass);


--
-- TOC entry 2993 (class 2604 OID 16650)
-- Name: django_celery_beat_clockedschedule id; Type: DEFAULT; Schema: public; Owner: -
--

ALTER TABLE ONLY public.django_celery_beat_clockedschedule ALTER COLUMN id SET DEFAULT nextval('public.django_celery_beat_clockedschedule_id_seq'::regclass);


--
-- TOC entry 2994 (class 2604 OID 16651)
-- Name: django_celery_beat_crontabschedule id; Type: DEFAULT; Schema: public; Owner: -
--

ALTER TABLE ONLY public.django_celery_beat_crontabschedule ALTER COLUMN id SET DEFAULT nextval('public.django_celery_beat_crontabschedule_id_seq'::regclass);


--
-- TOC entry 2995 (class 2604 OID 16652)
-- Name: django_celery_beat_intervalschedule id; Type: DEFAULT; Schema: public; Owner: -
--

ALTER TABLE ONLY public.django_celery_beat_intervalschedule ALTER COLUMN id SET DEFAULT nextval('public.django_celery_beat_intervalschedule_id_seq'::regclass);


--
-- TOC entry 2996 (class 2604 OID 16653)
-- Name: django_celery_beat_periodictask id; Type: DEFAULT; Schema: public; Owner: -
--

ALTER TABLE ONLY public.django_celery_beat_periodictask ALTER COLUMN id SET DEFAULT nextval('public.django_celery_beat_periodictask_id_seq'::regclass);


--
-- TOC entry 2999 (class 2604 OID 16654)
-- Name: django_celery_beat_solarschedule id; Type: DEFAULT; Schema: public; Owner: -
--

ALTER TABLE ONLY public.django_celery_beat_solarschedule ALTER COLUMN id SET DEFAULT nextval('public.django_celery_beat_solarschedule_id_seq'::regclass);


--
-- TOC entry 3000 (class 2604 OID 16655)
-- Name: django_content_type id; Type: DEFAULT; Schema: public; Owner: -
--

ALTER TABLE ONLY public.django_content_type ALTER COLUMN id SET DEFAULT nextval('public.django_content_type_id_seq'::regclass);


--
-- TOC entry 3001 (class 2604 OID 16656)
-- Name: django_migrations id; Type: DEFAULT; Schema: public; Owner: -
--

ALTER TABLE ONLY public.django_migrations ALTER COLUMN id SET DEFAULT nextval('public.django_migrations_id_seq'::regclass);


--
-- TOC entry 3002 (class 2604 OID 16657)
-- Name: django_site id; Type: DEFAULT; Schema: public; Owner: -
--

ALTER TABLE ONLY public.django_site ALTER COLUMN id SET DEFAULT nextval('public.django_site_id_seq'::regclass);


--
-- TOC entry 3003 (class 2604 OID 16658)
-- Name: easy_thumbnails_source id; Type: DEFAULT; Schema: public; Owner: -
--

ALTER TABLE ONLY public.easy_thumbnails_source ALTER COLUMN id SET DEFAULT nextval('public.easy_thumbnails_source_id_seq'::regclass);


--
-- TOC entry 3004 (class 2604 OID 16659)
-- Name: easy_thumbnails_thumbnail id; Type: DEFAULT; Schema: public; Owner: -
--

ALTER TABLE ONLY public.easy_thumbnails_thumbnail ALTER COLUMN id SET DEFAULT nextval('public.easy_thumbnails_thumbnail_id_seq'::regclass);


--
-- TOC entry 3005 (class 2604 OID 16660)
-- Name: easy_thumbnails_thumbnaildimensions id; Type: DEFAULT; Schema: public; Owner: -
--

ALTER TABLE ONLY public.easy_thumbnails_thumbnaildimensions ALTER COLUMN id SET DEFAULT nextval('public.easy_thumbnails_thumbnaildimensions_id_seq'::regclass);


--
-- TOC entry 3008 (class 2604 OID 16661)
-- Name: faq_faqitem id; Type: DEFAULT; Schema: public; Owner: -
--

ALTER TABLE ONLY public.faq_faqitem ALTER COLUMN id SET DEFAULT nextval('public.faq_faqitem_id_seq'::regclass);


--
-- TOC entry 3010 (class 2604 OID 16662)
-- Name: filer_clipboard id; Type: DEFAULT; Schema: public; Owner: -
--

ALTER TABLE ONLY public.filer_clipboard ALTER COLUMN id SET DEFAULT nextval('public.filer_clipboard_id_seq'::regclass);


--
-- TOC entry 3011 (class 2604 OID 16663)
-- Name: filer_clipboarditem id; Type: DEFAULT; Schema: public; Owner: -
--

ALTER TABLE ONLY public.filer_clipboarditem ALTER COLUMN id SET DEFAULT nextval('public.filer_clipboarditem_id_seq'::regclass);


--
-- TOC entry 3012 (class 2604 OID 16664)
-- Name: filer_file id; Type: DEFAULT; Schema: public; Owner: -
--

ALTER TABLE ONLY public.filer_file ALTER COLUMN id SET DEFAULT nextval('public.filer_file_id_seq'::regclass);


--
-- TOC entry 3013 (class 2604 OID 16665)
-- Name: filer_folder id; Type: DEFAULT; Schema: public; Owner: -
--

ALTER TABLE ONLY public.filer_folder ALTER COLUMN id SET DEFAULT nextval('public.filer_folder_id_seq'::regclass);


--
-- TOC entry 3018 (class 2604 OID 16666)
-- Name: filer_folderpermission id; Type: DEFAULT; Schema: public; Owner: -
--

ALTER TABLE ONLY public.filer_folderpermission ALTER COLUMN id SET DEFAULT nextval('public.filer_folderpermission_id_seq'::regclass);


--
-- TOC entry 3019 (class 2604 OID 16667)
-- Name: filer_thumbnailoption id; Type: DEFAULT; Schema: public; Owner: -
--

ALTER TABLE ONLY public.filer_thumbnailoption ALTER COLUMN id SET DEFAULT nextval('public.filer_thumbnailoption_id_seq'::regclass);


--
-- TOC entry 3020 (class 2604 OID 16668)
-- Name: user_profiles_userprofile_controls id; Type: DEFAULT; Schema: public; Owner: -
--

ALTER TABLE ONLY public.user_profiles_userprofile_controls ALTER COLUMN id SET DEFAULT nextval('public.user_profiles_userprofile_controls_id_seq'::regclass);


--
-- TOC entry 3375 (class 0 OID 16391)
-- Dependencies: 196
-- Data for Name: actstream_action; Type: TABLE DATA; Schema: public; Owner: -
--

COPY public.actstream_action (id, actor_object_id, verb, description, target_object_id, action_object_object_id, "timestamp", public, action_object_content_type_id, actor_content_type_id, target_content_type_id) FROM stdin;
1	1	logged in	\N	\N	\N	2019-10-29 08:56:51.392007+00	t	\N	4	\N
2	1	logged out	\N	\N	\N	2019-10-29 09:04:26.503458+00	t	\N	4	\N
3	3	logged in	\N	\N	\N	2019-10-29 09:04:26.522067+00	t	\N	4	\N
4	3	logged out	\N	\N	\N	2019-10-29 09:04:34.654799+00	t	\N	4	\N
5	2	logged in	\N	\N	\N	2019-10-29 09:04:34.679426+00	t	\N	4	\N
6	2	created control	\N	\N	1	2019-10-29 09:05:21.000211+00	t	26	4	\N
7	2	created questionnaire	\N	1	1	2019-10-29 09:05:52.748724+00	t	29	4	26
8	2	updated questionnaire	\N	1	1	2019-10-29 09:06:53.692048+00	t	29	4	26
9	2	updated theme	\N	1	1	2019-10-29 09:06:53.710403+00	t	30	4	26
10	2	updated question	\N	1	1	2019-10-29 09:06:53.723771+00	t	27	4	26
11	2	updated question	\N	1	2	2019-10-29 09:06:53.737743+00	t	27	4	26
12	2	updated question	\N	1	3	2019-10-29 09:06:53.748721+00	t	27	4	26
13	2	updated questionnaire	\N	1	1	2019-10-29 09:06:54.698007+00	t	29	4	26
14	2	updated theme	\N	1	1	2019-10-29 09:06:54.721608+00	t	30	4	26
15	2	updated question	\N	1	1	2019-10-29 09:06:54.734356+00	t	27	4	26
16	2	updated question	\N	1	2	2019-10-29 09:06:54.747886+00	t	27	4	26
17	2	updated question	\N	1	3	2019-10-29 09:06:54.766368+00	t	27	4	26
18	2	published questionnaire	\N	1	1	2019-10-29 09:07:14.491373+00	t	29	4	26
19	2	published theme	\N	1	1	2019-10-29 09:07:14.50778+00	t	30	4	26
20	2	published question	\N	1	1	2019-10-29 09:07:14.518129+00	t	27	4	26
21	2	published question	\N	1	2	2019-10-29 09:07:14.531484+00	t	27	4	26
22	2	published question	\N	1	3	2019-10-29 09:07:14.587796+00	t	27	4	26
23	2	added audited user	\N	1	3	2019-10-29 09:08:00.699246+00	t	34	4	26
24	1	email sent	Sending email "e.contrle - Nouvel utilisateur - Contrle des comptes et de la gestion de la Fdration Franaise de Football - Ministre des Sports" to: ['inspector@demo.com'].	\N	\N	2019-10-29 09:08:02.621754+00	t	\N	7	\N
25	2	logged out	\N	\N	\N	2019-10-29 09:08:09.368655+00	t	\N	4	\N
26	3	logged in	\N	\N	\N	2019-10-29 09:08:09.387345+00	t	\N	4	\N
27	3	accessed questionnaire	\N	1	\N	2019-10-29 09:08:21.651169+00	t	\N	4	29
28	3	uploaded response-file	\N	1	1	2019-10-29 09:08:28.964863+00	t	31	4	27
29	3	uploaded response-file	\N	2	2	2019-10-29 09:08:33.159237+00	t	31	4	27
30	3	accessed questionnaire	\N	1	\N	2019-10-29 09:11:58.304943+00	t	\N	4	29
31	3	accessed response-file	\N	1	\N	2019-10-29 09:12:01.389943+00	t	\N	4	31
32	3	accessed response-file	\N	2	\N	2019-10-29 09:12:09.388485+00	t	\N	4	31
\.


--
-- TOC entry 3377 (class 0 OID 16399)
-- Dependencies: 198
-- Data for Name: actstream_follow; Type: TABLE DATA; Schema: public; Owner: -
--

COPY public.actstream_follow (id, object_id, actor_only, started, content_type_id, user_id, flag) FROM stdin;
\.


--
-- TOC entry 3379 (class 0 OID 16407)
-- Dependencies: 200
-- Data for Name: auth_group; Type: TABLE DATA; Schema: public; Owner: -
--

COPY public.auth_group (id, name) FROM stdin;
\.


--
-- TOC entry 3381 (class 0 OID 16412)
-- Dependencies: 202
-- Data for Name: auth_group_permissions; Type: TABLE DATA; Schema: public; Owner: -
--

COPY public.auth_group_permissions (id, group_id, permission_id) FROM stdin;
\.


--
-- TOC entry 3383 (class 0 OID 16417)
-- Dependencies: 204
-- Data for Name: auth_permission; Type: TABLE DATA; Schema: public; Owner: -
--

COPY public.auth_permission (id, name, content_type_id, codename) FROM stdin;
1	Can add log entry	1	add_logentry
2	Can change log entry	1	change_logentry
3	Can delete log entry	1	delete_logentry
4	Can view log entry	1	view_logentry
5	Can add permission	2	add_permission
6	Can change permission	2	change_permission
7	Can delete permission	2	delete_permission
8	Can view permission	2	view_permission
9	Can add group	3	add_group
10	Can change group	3	change_group
11	Can delete group	3	delete_group
12	Can view group	3	view_group
13	Can add user	4	add_user
14	Can change user	4	change_user
15	Can delete user	4	delete_user
16	Can view user	4	view_user
17	Can add content type	5	add_contenttype
18	Can change content type	5	change_contenttype
19	Can delete content type	5	delete_contenttype
20	Can view content type	5	view_contenttype
21	Can add session	6	add_session
22	Can change session	6	change_session
23	Can delete session	6	delete_session
24	Can view session	6	view_session
25	Can add site	7	add_site
26	Can change site	7	change_site
27	Can delete site	7	delete_site
28	Can view site	7	view_site
29	Can add source	8	add_source
30	Can change source	8	change_source
31	Can delete source	8	delete_source
32	Can view source	8	view_source
33	Can add thumbnail	9	add_thumbnail
34	Can change thumbnail	9	change_thumbnail
35	Can delete thumbnail	9	delete_thumbnail
36	Can view thumbnail	9	view_thumbnail
37	Can add thumbnail dimensions	10	add_thumbnaildimensions
38	Can change thumbnail dimensions	10	change_thumbnaildimensions
39	Can delete thumbnail dimensions	10	delete_thumbnaildimensions
40	Can view thumbnail dimensions	10	view_thumbnaildimensions
41	Can add clipboard	11	add_clipboard
42	Can change clipboard	11	change_clipboard
43	Can delete clipboard	11	delete_clipboard
44	Can view clipboard	11	view_clipboard
45	Can add clipboard item	12	add_clipboarditem
46	Can change clipboard item	12	change_clipboarditem
47	Can delete clipboard item	12	delete_clipboarditem
48	Can view clipboard item	12	view_clipboarditem
49	Can add file	13	add_file
50	Can change file	13	change_file
51	Can delete file	13	delete_file
52	Can view file	13	view_file
53	Can add Folder	14	add_folder
54	Can change Folder	14	change_folder
55	Can delete Folder	14	delete_folder
56	Can view Folder	14	view_folder
57	Can use directory listing	14	can_use_directory_listing
58	Can add folder permission	15	add_folderpermission
59	Can change folder permission	15	change_folderpermission
60	Can delete folder permission	15	delete_folderpermission
61	Can view folder permission	15	view_folderpermission
62	Can add image	16	add_image
63	Can change image	16	change_image
64	Can delete image	16	delete_image
65	Can view image	16	view_image
66	Can add thumbnail option	17	add_thumbnailoption
67	Can change thumbnail option	17	change_thumbnailoption
68	Can delete thumbnail option	17	delete_thumbnailoption
69	Can view thumbnail option	17	view_thumbnailoption
70	Can add action	18	add_action
71	Can change action	18	change_action
72	Can delete action	18	delete_action
73	Can view action	18	view_action
74	Can add follow	19	add_follow
75	Can change follow	19	change_follow
76	Can delete follow	19	delete_follow
77	Can view follow	19	view_follow
78	Can add crontab	20	add_crontabschedule
79	Can change crontab	20	change_crontabschedule
80	Can delete crontab	20	delete_crontabschedule
81	Can view crontab	20	view_crontabschedule
82	Can add interval	21	add_intervalschedule
83	Can change interval	21	change_intervalschedule
84	Can delete interval	21	delete_intervalschedule
85	Can view interval	21	view_intervalschedule
86	Can add periodic task	22	add_periodictask
87	Can change periodic task	22	change_periodictask
88	Can delete periodic task	22	delete_periodictask
89	Can view periodic task	22	view_periodictask
90	Can add periodic tasks	23	add_periodictasks
91	Can change periodic tasks	23	change_periodictasks
92	Can delete periodic tasks	23	delete_periodictasks
93	Can view periodic tasks	23	view_periodictasks
94	Can add solar event	24	add_solarschedule
95	Can change solar event	24	change_solarschedule
96	Can delete solar event	24	delete_solarschedule
97	Can view solar event	24	view_solarschedule
98	Can add clocked	25	add_clockedschedule
99	Can change clocked	25	change_clockedschedule
100	Can delete clocked	25	delete_clockedschedule
101	Can view clocked	25	view_clockedschedule
102	Can add Controle	26	add_control
103	Can change Controle	26	change_control
104	Can delete Controle	26	delete_control
105	Can view Controle	26	view_control
106	Can add Question	27	add_question
107	Can change Question	27	change_question
108	Can delete Question	27	delete_question
109	Can view Question	27	view_question
110	Can add Question: Fichier Attach	28	add_questionfile
111	Can change Question: Fichier Attach	28	change_questionfile
112	Can delete Question: Fichier Attach	28	delete_questionfile
113	Can view Question: Fichier Attach	28	view_questionfile
114	Can add Questionnaire	29	add_questionnaire
115	Can change Questionnaire	29	change_questionnaire
116	Can delete Questionnaire	29	delete_questionnaire
117	Can view Questionnaire	29	view_questionnaire
118	Can add Thme	30	add_theme
119	Can change Thme	30	change_theme
120	Can delete Thme	30	delete_theme
121	Can view Thme	30	view_theme
122	Can add Rponse: Fichier Attach	31	add_responsefile
123	Can change Rponse: Fichier Attach	31	change_responsefile
124	Can delete Rponse: Fichier Attach	31	delete_responsefile
125	Can view Rponse: Fichier Attach	31	view_responsefile
126	Can add Item de F.A.Q	32	add_faqitem
127	Can change Item de F.A.Q	32	change_faqitem
128	Can delete Item de F.A.Q	32	delete_faqitem
129	Can view Item de F.A.Q	32	view_faqitem
130	Can add Magic Token	33	add_magictoken
131	Can change Magic Token	33	change_magictoken
132	Can delete Magic Token	33	delete_magictoken
133	Can view Magic Token	33	view_magictoken
134	Can add Profile Utilisateur	34	add_userprofile
135	Can change Profile Utilisateur	34	change_userprofile
136	Can delete Profile Utilisateur	34	delete_userprofile
137	Can view Profile Utilisateur	34	view_userprofile
\.


--
-- TOC entry 3385 (class 0 OID 16422)
-- Dependencies: 206
-- Data for Name: auth_user; Type: TABLE DATA; Schema: public; Owner: -
--

COPY public.auth_user (id, password, last_login, is_superuser, username, first_name, last_name, email, is_staff, is_active, date_joined) FROM stdin;
1	pbkdf2_sha256$150000$rGe1VJul3ckp$P2CuZBDRiKUFE2qTPKo0KkzUmIMn/Ghsp7cvCLAG97k=	2019-10-29 08:56:51.387113+00	t	admin				t	t	2019-10-29 08:56:44.043769+00
2	pbkdf2_sha256$150000$w13ypXasN0sx$TnqY8myvf29ol3ioXToA4MW9EG4m3w0b1D6PoKz7gxk=	2019-10-29 09:04:34.675798+00	f	inspector@demo.com	Martine	Lilu	inspector@demo.com	f	t	2019-10-29 09:00:40+00
3	pbkdf2_sha256$150000$9mUdav5TGI9T$+OPDsIqpDxkzAhKZtS3UbtViH2ucBLikAfCoDJyGJck=	2019-10-29 09:08:09.38389+00	f	audited@demo.com	Robert	Lolo	audited@demo.com	f	t	2019-10-29 09:03:09+00
\.


--
-- TOC entry 3386 (class 0 OID 16428)
-- Dependencies: 207
-- Data for Name: auth_user_groups; Type: TABLE DATA; Schema: public; Owner: -
--

COPY public.auth_user_groups (id, user_id, group_id) FROM stdin;
\.


--
-- TOC entry 3389 (class 0 OID 16435)
-- Dependencies: 210
-- Data for Name: auth_user_user_permissions; Type: TABLE DATA; Schema: public; Owner: -
--

COPY public.auth_user_user_permissions (id, user_id, permission_id) FROM stdin;
\.


--
-- TOC entry 3391 (class 0 OID 16440)
-- Dependencies: 212
-- Data for Name: control_control; Type: TABLE DATA; Schema: public; Owner: -
--

COPY public.control_control (id, title, reference_code, depositing_organization) FROM stdin;
1	Contrle des comptes et de la gestion de la Fdration Franaise de Football	2019_FFF_MinSports	Ministre des Sports
\.


--
-- TOC entry 3393 (class 0 OID 16448)
-- Dependencies: 214
-- Data for Name: control_question; Type: TABLE DATA; Schema: public; Owner: -
--

COPY public.control_question (id, "order", description, theme_id) FROM stdin;
1	0	Lorem ipsum dolor sit amet, consectetur adipiscing elit. Sed id viverra nisi. Praesent vehicula, lectus id viverra pulvinar, libero elit hendrerit enim, eget mattis ipsum ligula id urna.	1
2	1	Pellentesque consequat justo et est blandit imperdiet. Praesent purus erat, rutrum vel magna vel, faucibus volutpat leo. Nulla sed diam scelerisque, venenatis turpis ac, commodo ipsum. Vivamus quis justo nec erat tempor laoreet.	1
3	2	Orci varius natoque penatibus et magnis dis parturient montes, nascetur ridiculus mus. Etiam ultricies nisi mi, a maximus dui dapibus at. Cras a sapien massa. In sed magna in est dapibus pretium non ut sem.	1
\.


--
-- TOC entry 3395 (class 0 OID 16457)
-- Dependencies: 216
-- Data for Name: control_questionfile; Type: TABLE DATA; Schema: public; Owner: -
--

COPY public.control_questionfile (id, "order", question_id, file) FROM stdin;
\.


--
-- TOC entry 3397 (class 0 OID 16463)
-- Dependencies: 218
-- Data for Name: control_questionnaire; Type: TABLE DATA; Schema: public; Owner: -
--

COPY public.control_questionnaire (id, "order", title, end_date, description, control_id, uploaded_file, sent_date, is_draft, generated_file) FROM stdin;
1	0	Prsentation gnrale	2022-03-31	 loccasion de ce contrle, je vous demande de me transmettre des renseignements et des justifications sur les points numrs dans ce questionnaire.\nVous voudrez bien me faire parvenir au fur et  mesure votre rponse. \nJe reste  votre disposition ainsi qu celle de vos services pour toute information complmentaire quappellerait ce questionnaire.	1		\N	f	
\.


--
-- TOC entry 3399 (class 0 OID 16472)
-- Dependencies: 220
-- Data for Name: control_responsefile; Type: TABLE DATA; Schema: public; Owner: -
--

COPY public.control_responsefile (id, file, question_id, created, modified, author_id, is_deleted) FROM stdin;
1	2019_FFF_MinSports/Q01/T01/Q01-T01-01-Le-raport-demand.pdf	1	2019-10-29 09:08:28.946298+00	2019-10-29 09:08:28.946298+00	3	f
2	2019_FFF_MinSports/Q01/T01/Q01-T01-02-Un-autre_document.pdf	2	2019-10-29 09:08:33.141708+00	2019-10-29 09:08:33.141708+00	3	f
\.


--
-- TOC entry 3401 (class 0 OID 16477)
-- Dependencies: 222
-- Data for Name: control_theme; Type: TABLE DATA; Schema: public; Owner: -
--

COPY public.control_theme (id, title, questionnaire_id, "order") FROM stdin;
1	Ressources Humaines	1	0
\.


--
-- TOC entry 3403 (class 0 OID 16483)
-- Dependencies: 224
-- Data for Name: django_admin_log; Type: TABLE DATA; Schema: public; Owner: -
--

COPY public.django_admin_log (id, action_time, object_id, object_repr, action_flag, change_message, content_type_id, user_id) FROM stdin;
1	2019-10-29 09:00:40.349182+00	2	inspector@demo.com	1	[{"added": {}}, {"added": {"name": "Profile Utilisateur", "object": "inspector@demo.com"}}]	4	1
2	2019-10-29 09:02:35.133833+00	2	inspector@demo.com	2	[{"changed": {"fields": ["first_name", "last_name", "email"]}}, {"changed": {"name": "Profile Utilisateur", "object": "inspector@demo.com", "fields": ["profile_type"]}}]	4	1
3	2019-10-29 09:03:09.930635+00	3	audited@demo.com	1	[{"added": {}}, {"added": {"name": "Profile Utilisateur", "object": "audited@demo.com"}}]	4	1
4	2019-10-29 09:04:04.888989+00	3	audited@demo.com	2	[{"changed": {"fields": ["first_name", "last_name", "email"]}}]	4	1
5	2019-10-29 09:04:13.255343+00	3	audited@demo.com	2	[{"changed": {"fields": ["email"]}}]	4	1
6	2019-10-29 09:04:21.250338+00	2	inspector@demo.com	2	[{"changed": {"fields": ["email"]}}]	4	1
\.


--
-- TOC entry 3405 (class 0 OID 16492)
-- Dependencies: 226
-- Data for Name: django_celery_beat_clockedschedule; Type: TABLE DATA; Schema: public; Owner: -
--

COPY public.django_celery_beat_clockedschedule (id, clocked_time, enabled) FROM stdin;
\.


--
-- TOC entry 3407 (class 0 OID 16497)
-- Dependencies: 228
-- Data for Name: django_celery_beat_crontabschedule; Type: TABLE DATA; Schema: public; Owner: -
--

COPY public.django_celery_beat_crontabschedule (id, minute, hour, day_of_week, day_of_month, month_of_year, timezone) FROM stdin;
\.


--
-- TOC entry 3409 (class 0 OID 16505)
-- Dependencies: 230
-- Data for Name: django_celery_beat_intervalschedule; Type: TABLE DATA; Schema: public; Owner: -
--

COPY public.django_celery_beat_intervalschedule (id, every, period) FROM stdin;
\.


--
-- TOC entry 3411 (class 0 OID 16510)
-- Dependencies: 232
-- Data for Name: django_celery_beat_periodictask; Type: TABLE DATA; Schema: public; Owner: -
--

COPY public.django_celery_beat_periodictask (id, name, task, args, kwargs, queue, exchange, routing_key, expires, enabled, last_run_at, total_run_count, date_changed, description, crontab_id, interval_id, solar_id, one_off, start_time, priority, headers, clocked_id) FROM stdin;
\.


--
-- TOC entry 3413 (class 0 OID 16520)
-- Dependencies: 234
-- Data for Name: django_celery_beat_periodictasks; Type: TABLE DATA; Schema: public; Owner: -
--

COPY public.django_celery_beat_periodictasks (ident, last_update) FROM stdin;
\.


--
-- TOC entry 3414 (class 0 OID 16523)
-- Dependencies: 235
-- Data for Name: django_celery_beat_solarschedule; Type: TABLE DATA; Schema: public; Owner: -
--

COPY public.django_celery_beat_solarschedule (id, event, latitude, longitude) FROM stdin;
\.


--
-- TOC entry 3416 (class 0 OID 16528)
-- Dependencies: 237
-- Data for Name: django_content_type; Type: TABLE DATA; Schema: public; Owner: -
--

COPY public.django_content_type (id, app_label, model) FROM stdin;
1	admin	logentry
2	auth	permission
3	auth	group
4	auth	user
5	contenttypes	contenttype
6	sessions	session
7	sites	site
8	easy_thumbnails	source
9	easy_thumbnails	thumbnail
10	easy_thumbnails	thumbnaildimensions
11	filer	clipboard
12	filer	clipboarditem
13	filer	file
14	filer	folder
15	filer	folderpermission
16	filer	image
17	filer	thumbnailoption
18	actstream	action
19	actstream	follow
20	django_celery_beat	crontabschedule
21	django_celery_beat	intervalschedule
22	django_celery_beat	periodictask
23	django_celery_beat	periodictasks
24	django_celery_beat	solarschedule
25	django_celery_beat	clockedschedule
26	control	control
27	control	question
28	control	questionfile
29	control	questionnaire
30	control	theme
31	control	responsefile
32	faq	faqitem
33	magicauth	magictoken
34	user_profiles	userprofile
\.


--
-- TOC entry 3418 (class 0 OID 16533)
-- Dependencies: 239
-- Data for Name: django_migrations; Type: TABLE DATA; Schema: public; Owner: -
--

COPY public.django_migrations (id, app, name, applied) FROM stdin;
1	contenttypes	0001_initial	2019-06-13 09:37:21.636877+00
2	auth	0001_initial	2019-06-13 09:37:21.970162+00
3	actstream	0001_initial	2019-06-13 09:37:22.281466+00
4	actstream	0002_remove_action_data	2019-06-13 09:37:22.305376+00
5	actstream	0003_add_follow_flag	2019-06-13 09:37:22.497859+00
6	admin	0001_initial	2019-06-13 09:37:22.57756+00
7	admin	0002_logentry_remove_auto_add	2019-06-13 09:37:22.60915+00
8	admin	0003_logentry_add_action_flag_choices	2019-06-13 09:37:22.636576+00
9	contenttypes	0002_remove_content_type_name	2019-06-13 09:37:22.704132+00
10	auth	0002_alter_permission_name_max_length	2019-06-13 09:37:22.729145+00
11	auth	0003_alter_user_email_max_length	2019-06-13 09:37:22.757726+00
12	auth	0004_alter_user_username_opts	2019-06-13 09:37:22.781115+00
13	auth	0005_alter_user_last_login_null	2019-06-13 09:37:22.810399+00
14	auth	0006_require_contenttypes_0002	2019-06-13 09:37:22.818284+00
15	auth	0007_alter_validators_add_error_messages	2019-06-13 09:37:22.847065+00
16	auth	0008_alter_user_username_max_length	2019-06-13 09:37:22.89307+00
17	auth	0009_alter_user_last_name_max_length	2019-06-13 09:37:22.927169+00
18	filer	0001_initial	2019-06-13 09:37:23.601356+00
19	filer	0002_auto_20150606_2003	2019-06-13 09:37:23.660896+00
20	filer	0003_thumbnailoption	2019-06-13 09:37:23.69422+00
21	filer	0004_auto_20160328_1434	2019-06-13 09:37:23.73639+00
22	filer	0005_auto_20160623_1425	2019-06-13 09:37:23.852029+00
23	filer	0006_auto_20160623_1627	2019-06-13 09:37:23.906466+00
24	filer	0007_auto_20161016_1055	2019-06-13 09:37:23.931723+00
25	filer	0008_auto_20171117_1313	2019-06-13 09:37:23.960557+00
26	filer	0009_auto_20171220_1635	2019-06-13 09:37:24.048487+00
27	filer	0010_auto_20180414_2058	2019-06-13 09:37:24.131598+00
28	control	0001_initial	2019-06-13 09:37:24.573478+00
29	control	0002_responsefile	2019-06-13 09:37:24.641177+00
30	control	0003_control_reference_code	2019-06-13 09:37:24.695373+00
31	control	0004_questionnaire_reference_code	2019-06-13 09:37:24.74995+00
32	control	0005_theme_reference_code	2019-06-13 09:37:24.856093+00
33	control	0006_change_meta_options	2019-06-13 09:37:24.976188+00
34	control	0007_remove_theme_reference_code	2019-06-13 09:37:25.000342+00
35	control	0008_remove_questionnaire_reference_code	2019-06-13 09:37:25.024392+00
36	control	0009_questionnaire_description_max	2019-06-13 09:37:25.04194+00
37	control	0010_add_order_to_theme	2019-06-13 09:37:25.163006+00
38	control	0011_rebuild_theme_order	2019-06-13 09:37:25.212044+00
39	control	0012_remove_mptt_on_theme	2019-06-13 09:37:25.294367+00
40	control	0013_change_meta_on_questionnaire	2019-06-13 09:37:25.315177+00
41	control	0014_add_timestamp_on_response_file	2019-06-13 09:37:25.406212+00
42	control	0015_responsefile_author	2019-06-13 09:37:25.485881+00
43	control	0016_remove_questionfile_file	2019-06-13 09:37:25.530775+00
44	control	0017_questionfile_file	2019-06-13 09:37:25.59421+00
45	control	0018_change_question_fle_meta_options	2019-06-13 09:37:25.61759+00
46	control	0019_questionnaire_file	2019-06-13 09:37:25.70241+00
47	control	0020_optional_questionnaire_file	2019-06-13 09:37:25.750491+00
48	control	0021_questionnaire_sent_date	2019-06-13 09:37:25.788355+00
49	control	0022_end_date_meta_options	2019-06-13 09:37:25.810724+00
50	control	0023_auto_20190523_1712	2019-06-13 09:37:25.864328+00
51	control	0024_remove-readonly-on-order-field	2019-06-13 09:37:25.885614+00
52	django_celery_beat	0001_initial	2019-06-13 09:37:26.045888+00
53	django_celery_beat	0002_auto_20161118_0346	2019-06-13 09:37:26.124759+00
54	django_celery_beat	0003_auto_20161209_0049	2019-06-13 09:37:26.175046+00
55	django_celery_beat	0004_auto_20170221_0000	2019-06-13 09:37:26.205883+00
56	django_celery_beat	0005_add_solarschedule_events_choices	2019-06-13 09:37:26.223754+00
57	django_celery_beat	0006_auto_20180322_0932	2019-06-13 09:37:26.292097+00
58	django_celery_beat	0007_auto_20180521_0826	2019-06-13 09:37:26.428496+00
59	django_celery_beat	0008_auto_20180914_1922	2019-06-13 09:37:26.495149+00
60	django_celery_beat	0006_auto_20180210_1226	2019-06-13 09:37:26.525183+00
61	django_celery_beat	0006_periodictask_priority	2019-06-13 09:37:26.548506+00
62	django_celery_beat	0009_periodictask_headers	2019-06-13 09:37:26.636153+00
63	django_celery_beat	0010_auto_20190429_0326	2019-06-13 09:37:26.974949+00
64	django_celery_beat	0011_auto_20190508_0153	2019-06-13 09:37:27.032494+00
65	easy_thumbnails	0001_initial	2019-06-13 09:37:27.204608+00
66	easy_thumbnails	0002_thumbnaildimensions	2019-06-13 09:37:27.26803+00
67	faq	0001_initial	2019-06-13 09:37:27.335355+00
68	faq	0002_add_ordering_in_meta	2019-06-13 09:37:27.349072+00
69	filer	0011_auto_20190418_0137	2019-06-13 09:37:27.463888+00
70	magicauth	0001_initial	2019-06-13 09:37:27.579829+00
71	sessions	0001_initial	2019-06-13 09:37:27.631101+00
72	sites	0001_initial	2019-06-13 09:37:27.679579+00
73	sites	0002_alter_domain_unique	2019-06-13 09:37:27.747648+00
74	user_profiles	0001_initial	2019-06-13 09:37:27.838227+00
75	user_profiles	0002_userprofile_send_files_report	2019-06-13 09:37:27.98545+00
76	user_profiles	0003_add_many_controls	2019-06-13 09:37:28.627399+00
77	user_profiles	0004_copy_existing_control	2019-06-13 09:37:28.758561+00
78	user_profiles	0005_userprofile_active_directory_name	2019-06-13 09:37:28.824753+00
79	user_profiles	0006_change_meta_on_profile_type	2019-06-13 09:37:28.853741+00
80	user_profiles	0007_remove_userprofile_control	2019-06-13 09:37:28.901508+00
81	user_profiles	0008_change_meta_on_profile_type	2019-06-13 09:37:28.932563+00
82	user_profiles	0009_remove_userprofile_active_directory_name	2019-06-13 09:37:28.971299+00
83	user_profiles	0010_change-choice-field-label	2019-06-13 09:37:29.002672+00
84	auth	0010_alter_group_name_max_length	2019-10-28 16:13:49.929004+00
85	auth	0011_update_proxy_permissions	2019-10-28 16:13:49.966303+00
86	control	0025_questionnaire_is_draft	2019-10-28 16:13:49.977904+00
87	control	0026_questionnaire_generated_file	2019-10-28 16:13:49.988895+00
88	control	0027_update_help_text	2019-10-28 16:13:50.006698+00
89	control	0028_rename_to_uploaded_file	2019-10-28 16:13:50.028635+00
90	control	0029_change_questionnaire_file_labels	2019-10-28 16:13:50.046415+00
91	control	0030_auto_20190715_1545	2019-10-28 16:13:50.064508+00
92	control	0031_auto_20190716_0942	2019-10-28 16:13:50.15317+00
93	control	0032_reference_code_not_blank	2019-10-28 16:13:50.165545+00
94	control	0033_add_is_deleted_to_responsefile	2019-10-28 16:13:50.189368+00
95	control	0034_change_meta_data_on_reference_code	2019-10-28 16:13:50.201031+00
96	user_profiles	0011_add_agreed_to_tos	2019-10-28 16:13:50.22208+00
\.


--
-- TOC entry 3420 (class 0 OID 16541)
-- Dependencies: 241
-- Data for Name: django_session; Type: TABLE DATA; Schema: public; Owner: -
--

COPY public.django_session (session_key, session_data, expire_date) FROM stdin;
dhgbri3gqy3r837gf6hm10mcaehyeug3	NWZiYjg4MjY3MWE5YTlhYjQ5NGM5NzFmZDdhMzU5MzI5MTA2MTgxMjp7Il9hdXRoX3VzZXJfaWQiOiIzIiwiX2F1dGhfdXNlcl9iYWNrZW5kIjoiZGphbmdvLmNvbnRyaWIuYXV0aC5iYWNrZW5kcy5Nb2RlbEJhY2tlbmQiLCJfYXV0aF91c2VyX2hhc2giOiJkMDI1NTVmOWNjMDA0NTQ5MGQyOThkODIxNzNhMTI3YTRmNWY5ODYzIiwiX3Nlc3Npb25faW5pdF90aW1lc3RhbXBfIjoxNTcyMzQwMzI5LjM4MDk4MDN9	2019-11-12 09:12:09.421462+00
\.


--
-- TOC entry 3421 (class 0 OID 16547)
-- Dependencies: 242
-- Data for Name: django_site; Type: TABLE DATA; Schema: public; Owner: -
--

COPY public.django_site (id, domain, name) FROM stdin;
1	example.com	example.com
\.


--
-- TOC entry 3423 (class 0 OID 16552)
-- Dependencies: 244
-- Data for Name: easy_thumbnails_source; Type: TABLE DATA; Schema: public; Owner: -
--

COPY public.easy_thumbnails_source (id, storage_hash, name, modified) FROM stdin;
\.


--
-- TOC entry 3425 (class 0 OID 16557)
-- Dependencies: 246
-- Data for Name: easy_thumbnails_thumbnail; Type: TABLE DATA; Schema: public; Owner: -
--

COPY public.easy_thumbnails_thumbnail (id, storage_hash, name, modified, source_id) FROM stdin;
\.


--
-- TOC entry 3427 (class 0 OID 16562)
-- Dependencies: 248
-- Data for Name: easy_thumbnails_thumbnaildimensions; Type: TABLE DATA; Schema: public; Owner: -
--

COPY public.easy_thumbnails_thumbnaildimensions (id, thumbnail_id, width, height) FROM stdin;
\.


--
-- TOC entry 3429 (class 0 OID 16569)
-- Dependencies: 250
-- Data for Name: faq_faqitem; Type: TABLE DATA; Schema: public; Owner: -
--

COPY public.faq_faqitem (id, "order", title, slug, description) FROM stdin;
\.


--
-- TOC entry 3431 (class 0 OID 16578)
-- Dependencies: 252
-- Data for Name: filer_clipboard; Type: TABLE DATA; Schema: public; Owner: -
--

COPY public.filer_clipboard (id, user_id) FROM stdin;
\.


--
-- TOC entry 3433 (class 0 OID 16583)
-- Dependencies: 254
-- Data for Name: filer_clipboarditem; Type: TABLE DATA; Schema: public; Owner: -
--

COPY public.filer_clipboarditem (id, clipboard_id, file_id) FROM stdin;
\.


--
-- TOC entry 3435 (class 0 OID 16588)
-- Dependencies: 256
-- Data for Name: filer_file; Type: TABLE DATA; Schema: public; Owner: -
--

COPY public.filer_file (id, file, _file_size, sha1, has_all_mandatory_data, original_filename, name, description, uploaded_at, modified_at, is_public, folder_id, owner_id, polymorphic_ctype_id) FROM stdin;
\.


--
-- TOC entry 3437 (class 0 OID 16596)
-- Dependencies: 258
-- Data for Name: filer_folder; Type: TABLE DATA; Schema: public; Owner: -
--

COPY public.filer_folder (id, name, uploaded_at, created_at, modified_at, lft, rght, tree_id, level, owner_id, parent_id) FROM stdin;
\.


--
-- TOC entry 3439 (class 0 OID 16605)
-- Dependencies: 260
-- Data for Name: filer_folderpermission; Type: TABLE DATA; Schema: public; Owner: -
--

COPY public.filer_folderpermission (id, type, everybody, can_edit, can_read, can_add_children, folder_id, group_id, user_id) FROM stdin;
\.


--
-- TOC entry 3441 (class 0 OID 16610)
-- Dependencies: 262
-- Data for Name: filer_image; Type: TABLE DATA; Schema: public; Owner: -
--

COPY public.filer_image (file_ptr_id, _height, _width, date_taken, default_alt_text, default_caption, author, must_always_publish_author_credit, must_always_publish_copyright, subject_location) FROM stdin;
\.


--
-- TOC entry 3442 (class 0 OID 16616)
-- Dependencies: 263
-- Data for Name: filer_thumbnailoption; Type: TABLE DATA; Schema: public; Owner: -
--

COPY public.filer_thumbnailoption (id, name, width, height, crop, upscale) FROM stdin;
\.


--
-- TOC entry 3444 (class 0 OID 16621)
-- Dependencies: 265
-- Data for Name: magicauth_magictoken; Type: TABLE DATA; Schema: public; Owner: -
--

COPY public.magicauth_magictoken (key, created, user_id) FROM stdin;
\.


--
-- TOC entry 3445 (class 0 OID 16624)
-- Dependencies: 266
-- Data for Name: user_profiles_userprofile; Type: TABLE DATA; Schema: public; Owner: -
--

COPY public.user_profiles_userprofile (user_id, profile_type, organization, send_files_report, agreed_to_tos) FROM stdin;
1			f	t
2	inspector		f	t
3	audited	Ministre des sports	f	t
\.


--
-- TOC entry 3446 (class 0 OID 16630)
-- Dependencies: 267
-- Data for Name: user_profiles_userprofile_controls; Type: TABLE DATA; Schema: public; Owner: -
--

COPY public.user_profiles_userprofile_controls (id, userprofile_id, control_id) FROM stdin;
1	2	1
2	3	1
\.


--
-- TOC entry 3488 (class 0 OID 0)
-- Dependencies: 197
-- Name: actstream_action_id_seq; Type: SEQUENCE SET; Schema: public; Owner: -
--

SELECT pg_catalog.setval('public.actstream_action_id_seq', 32, true);


--
-- TOC entry 3489 (class 0 OID 0)
-- Dependencies: 199
-- Name: actstream_follow_id_seq; Type: SEQUENCE SET; Schema: public; Owner: -
--

SELECT pg_catalog.setval('public.actstream_follow_id_seq', 1, false);


--
-- TOC entry 3490 (class 0 OID 0)
-- Dependencies: 201
-- Name: auth_group_id_seq; Type: SEQUENCE SET; Schema: public; Owner: -
--

SELECT pg_catalog.setval('public.auth_group_id_seq', 1, false);


--
-- TOC entry 3491 (class 0 OID 0)
-- Dependencies: 203
-- Name: auth_group_permissions_id_seq; Type: SEQUENCE SET; Schema: public; Owner: -
--

SELECT pg_catalog.setval('public.auth_group_permissions_id_seq', 1, false);


--
-- TOC entry 3492 (class 0 OID 0)
-- Dependencies: 205
-- Name: auth_permission_id_seq; Type: SEQUENCE SET; Schema: public; Owner: -
--

SELECT pg_catalog.setval('public.auth_permission_id_seq', 137, true);


--
-- TOC entry 3493 (class 0 OID 0)
-- Dependencies: 208
-- Name: auth_user_groups_id_seq; Type: SEQUENCE SET; Schema: public; Owner: -
--

SELECT pg_catalog.setval('public.auth_user_groups_id_seq', 1, false);


--
-- TOC entry 3494 (class 0 OID 0)
-- Dependencies: 209
-- Name: auth_user_id_seq; Type: SEQUENCE SET; Schema: public; Owner: -
--

SELECT pg_catalog.setval('public.auth_user_id_seq', 3, true);


--
-- TOC entry 3495 (class 0 OID 0)
-- Dependencies: 211
-- Name: auth_user_user_permissions_id_seq; Type: SEQUENCE SET; Schema: public; Owner: -
--

SELECT pg_catalog.setval('public.auth_user_user_permissions_id_seq', 1, false);


--
-- TOC entry 3496 (class 0 OID 0)
-- Dependencies: 213
-- Name: control_control_id_seq; Type: SEQUENCE SET; Schema: public; Owner: -
--

SELECT pg_catalog.setval('public.control_control_id_seq', 1, true);


--
-- TOC entry 3497 (class 0 OID 0)
-- Dependencies: 215
-- Name: control_question_id_seq; Type: SEQUENCE SET; Schema: public; Owner: -
--

SELECT pg_catalog.setval('public.control_question_id_seq', 3, true);


--
-- TOC entry 3498 (class 0 OID 0)
-- Dependencies: 217
-- Name: control_questionfile_id_seq; Type: SEQUENCE SET; Schema: public; Owner: -
--

SELECT pg_catalog.setval('public.control_questionfile_id_seq', 1, false);


--
-- TOC entry 3499 (class 0 OID 0)
-- Dependencies: 219
-- Name: control_questionnaire_id_seq; Type: SEQUENCE SET; Schema: public; Owner: -
--

SELECT pg_catalog.setval('public.control_questionnaire_id_seq', 1, true);


--
-- TOC entry 3500 (class 0 OID 0)
-- Dependencies: 221
-- Name: control_responsefile_id_seq; Type: SEQUENCE SET; Schema: public; Owner: -
--

SELECT pg_catalog.setval('public.control_responsefile_id_seq', 2, true);


--
-- TOC entry 3501 (class 0 OID 0)
-- Dependencies: 223
-- Name: control_theme_id_seq; Type: SEQUENCE SET; Schema: public; Owner: -
--

SELECT pg_catalog.setval('public.control_theme_id_seq', 1, true);


--
-- TOC entry 3502 (class 0 OID 0)
-- Dependencies: 225
-- Name: django_admin_log_id_seq; Type: SEQUENCE SET; Schema: public; Owner: -
--

SELECT pg_catalog.setval('public.django_admin_log_id_seq', 6, true);


--
-- TOC entry 3503 (class 0 OID 0)
-- Dependencies: 227
-- Name: django_celery_beat_clockedschedule_id_seq; Type: SEQUENCE SET; Schema: public; Owner: -
--

SELECT pg_catalog.setval('public.django_celery_beat_clockedschedule_id_seq', 1, false);


--
-- TOC entry 3504 (class 0 OID 0)
-- Dependencies: 229
-- Name: django_celery_beat_crontabschedule_id_seq; Type: SEQUENCE SET; Schema: public; Owner: -
--

SELECT pg_catalog.setval('public.django_celery_beat_crontabschedule_id_seq', 1, false);


--
-- TOC entry 3505 (class 0 OID 0)
-- Dependencies: 231
-- Name: django_celery_beat_intervalschedule_id_seq; Type: SEQUENCE SET; Schema: public; Owner: -
--

SELECT pg_catalog.setval('public.django_celery_beat_intervalschedule_id_seq', 1, false);


--
-- TOC entry 3506 (class 0 OID 0)
-- Dependencies: 233
-- Name: django_celery_beat_periodictask_id_seq; Type: SEQUENCE SET; Schema: public; Owner: -
--

SELECT pg_catalog.setval('public.django_celery_beat_periodictask_id_seq', 1, false);


--
-- TOC entry 3507 (class 0 OID 0)
-- Dependencies: 236
-- Name: django_celery_beat_solarschedule_id_seq; Type: SEQUENCE SET; Schema: public; Owner: -
--

SELECT pg_catalog.setval('public.django_celery_beat_solarschedule_id_seq', 1, false);


--
-- TOC entry 3508 (class 0 OID 0)
-- Dependencies: 238
-- Name: django_content_type_id_seq; Type: SEQUENCE SET; Schema: public; Owner: -
--

SELECT pg_catalog.setval('public.django_content_type_id_seq', 34, true);


--
-- TOC entry 3509 (class 0 OID 0)
-- Dependencies: 240
-- Name: django_migrations_id_seq; Type: SEQUENCE SET; Schema: public; Owner: -
--

SELECT pg_catalog.setval('public.django_migrations_id_seq', 96, true);


--
-- TOC entry 3510 (class 0 OID 0)
-- Dependencies: 243
-- Name: django_site_id_seq; Type: SEQUENCE SET; Schema: public; Owner: -
--

SELECT pg_catalog.setval('public.django_site_id_seq', 1, true);


--
-- TOC entry 3511 (class 0 OID 0)
-- Dependencies: 245
-- Name: easy_thumbnails_source_id_seq; Type: SEQUENCE SET; Schema: public; Owner: -
--

SELECT pg_catalog.setval('public.easy_thumbnails_source_id_seq', 1, false);


--
-- TOC entry 3512 (class 0 OID 0)
-- Dependencies: 247
-- Name: easy_thumbnails_thumbnail_id_seq; Type: SEQUENCE SET; Schema: public; Owner: -
--

SELECT pg_catalog.setval('public.easy_thumbnails_thumbnail_id_seq', 1, false);


--
-- TOC entry 3513 (class 0 OID 0)
-- Dependencies: 249
-- Name: easy_thumbnails_thumbnaildimensions_id_seq; Type: SEQUENCE SET; Schema: public; Owner: -
--

SELECT pg_catalog.setval('public.easy_thumbnails_thumbnaildimensions_id_seq', 1, false);


--
-- TOC entry 3514 (class 0 OID 0)
-- Dependencies: 251
-- Name: faq_faqitem_id_seq; Type: SEQUENCE SET; Schema: public; Owner: -
--

SELECT pg_catalog.setval('public.faq_faqitem_id_seq', 1, false);


--
-- TOC entry 3515 (class 0 OID 0)
-- Dependencies: 253
-- Name: filer_clipboard_id_seq; Type: SEQUENCE SET; Schema: public; Owner: -
--

SELECT pg_catalog.setval('public.filer_clipboard_id_seq', 1, false);


--
-- TOC entry 3516 (class 0 OID 0)
-- Dependencies: 255
-- Name: filer_clipboarditem_id_seq; Type: SEQUENCE SET; Schema: public; Owner: -
--

SELECT pg_catalog.setval('public.filer_clipboarditem_id_seq', 1, false);


--
-- TOC entry 3517 (class 0 OID 0)
-- Dependencies: 257
-- Name: filer_file_id_seq; Type: SEQUENCE SET; Schema: public; Owner: -
--

SELECT pg_catalog.setval('public.filer_file_id_seq', 1, false);


--
-- TOC entry 3518 (class 0 OID 0)
-- Dependencies: 259
-- Name: filer_folder_id_seq; Type: SEQUENCE SET; Schema: public; Owner: -
--

SELECT pg_catalog.setval('public.filer_folder_id_seq', 1, false);


--
-- TOC entry 3519 (class 0 OID 0)
-- Dependencies: 261
-- Name: filer_folderpermission_id_seq; Type: SEQUENCE SET; Schema: public; Owner: -
--

SELECT pg_catalog.setval('public.filer_folderpermission_id_seq', 1, false);


--
-- TOC entry 3520 (class 0 OID 0)
-- Dependencies: 264
-- Name: filer_thumbnailoption_id_seq; Type: SEQUENCE SET; Schema: public; Owner: -
--

SELECT pg_catalog.setval('public.filer_thumbnailoption_id_seq', 1, false);


--
-- TOC entry 3521 (class 0 OID 0)
-- Dependencies: 268
-- Name: user_profiles_userprofile_controls_id_seq; Type: SEQUENCE SET; Schema: public; Owner: -
--

SELECT pg_catalog.setval('public.user_profiles_userprofile_controls_id_seq', 2, true);


--
-- TOC entry 3028 (class 2606 OID 16670)
-- Name: actstream_action actstream_action_pkey; Type: CONSTRAINT; Schema: public; Owner: -
--

ALTER TABLE ONLY public.actstream_action
    ADD CONSTRAINT actstream_action_pkey PRIMARY KEY (id);


--
-- TOC entry 3042 (class 2606 OID 16672)
-- Name: actstream_follow actstream_follow_pkey; Type: CONSTRAINT; Schema: public; Owner: -
--

ALTER TABLE ONLY public.actstream_follow
    ADD CONSTRAINT actstream_follow_pkey PRIMARY KEY (id);


--
-- TOC entry 3045 (class 2606 OID 16674)
-- Name: actstream_follow actstream_follow_user_id_content_type_id__b3632d76_uniq; Type: CONSTRAINT; Schema: public; Owner: -
--

ALTER TABLE ONLY public.actstream_follow
    ADD CONSTRAINT actstream_follow_user_id_content_type_id__b3632d76_uniq UNIQUE (user_id, content_type_id, object_id, flag);


--
-- TOC entry 3049 (class 2606 OID 17068)
-- Name: auth_group auth_group_name_key; Type: CONSTRAINT; Schema: public; Owner: -
--

ALTER TABLE ONLY public.auth_group
    ADD CONSTRAINT auth_group_name_key UNIQUE (name);


--
-- TOC entry 3054 (class 2606 OID 16678)
-- Name: auth_group_permissions auth_group_permissions_group_id_permission_id_0cd325b0_uniq; Type: CONSTRAINT; Schema: public; Owner: -
--

ALTER TABLE ONLY public.auth_group_permissions
    ADD CONSTRAINT auth_group_permissions_group_id_permission_id_0cd325b0_uniq UNIQUE (group_id, permission_id);


--
-- TOC entry 3057 (class 2606 OID 16680)
-- Name: auth_group_permissions auth_group_permissions_pkey; Type: CONSTRAINT; Schema: public; Owner: -
--

ALTER TABLE ONLY public.auth_group_permissions
    ADD CONSTRAINT auth_group_permissions_pkey PRIMARY KEY (id);


--
-- TOC entry 3051 (class 2606 OID 16682)
-- Name: auth_group auth_group_pkey; Type: CONSTRAINT; Schema: public; Owner: -
--

ALTER TABLE ONLY public.auth_group
    ADD CONSTRAINT auth_group_pkey PRIMARY KEY (id);


--
-- TOC entry 3060 (class 2606 OID 16684)
-- Name: auth_permission auth_permission_content_type_id_codename_01ab375a_uniq; Type: CONSTRAINT; Schema: public; Owner: -
--

ALTER TABLE ONLY public.auth_permission
    ADD CONSTRAINT auth_permission_content_type_id_codename_01ab375a_uniq UNIQUE (content_type_id, codename);


--
-- TOC entry 3062 (class 2606 OID 16686)
-- Name: auth_permission auth_permission_pkey; Type: CONSTRAINT; Schema: public; Owner: -
--

ALTER TABLE ONLY public.auth_permission
    ADD CONSTRAINT auth_permission_pkey PRIMARY KEY (id);


--
-- TOC entry 3070 (class 2606 OID 16688)
-- Name: auth_user_groups auth_user_groups_pkey; Type: CONSTRAINT; Schema: public; Owner: -
--

ALTER TABLE ONLY public.auth_user_groups
    ADD CONSTRAINT auth_user_groups_pkey PRIMARY KEY (id);


--
-- TOC entry 3073 (class 2606 OID 16690)
-- Name: auth_user_groups auth_user_groups_user_id_group_id_94350c0c_uniq; Type: CONSTRAINT; Schema: public; Owner: -
--

ALTER TABLE ONLY public.auth_user_groups
    ADD CONSTRAINT auth_user_groups_user_id_group_id_94350c0c_uniq UNIQUE (user_id, group_id);


--
-- TOC entry 3064 (class 2606 OID 16692)
-- Name: auth_user auth_user_pkey; Type: CONSTRAINT; Schema: public; Owner: -
--

ALTER TABLE ONLY public.auth_user
    ADD CONSTRAINT auth_user_pkey PRIMARY KEY (id);


--
-- TOC entry 3076 (class 2606 OID 16694)
-- Name: auth_user_user_permissions auth_user_user_permissions_pkey; Type: CONSTRAINT; Schema: public; Owner: -
--

ALTER TABLE ONLY public.auth_user_user_permissions
    ADD CONSTRAINT auth_user_user_permissions_pkey PRIMARY KEY (id);


--
-- TOC entry 3079 (class 2606 OID 16696)
-- Name: auth_user_user_permissions auth_user_user_permissions_user_id_permission_id_14a6b632_uniq; Type: CONSTRAINT; Schema: public; Owner: -
--

ALTER TABLE ONLY public.auth_user_user_permissions
    ADD CONSTRAINT auth_user_user_permissions_user_id_permission_id_14a6b632_uniq UNIQUE (user_id, permission_id);


--
-- TOC entry 3067 (class 2606 OID 16698)
-- Name: auth_user auth_user_username_key; Type: CONSTRAINT; Schema: public; Owner: -
--

ALTER TABLE ONLY public.auth_user
    ADD CONSTRAINT auth_user_username_key UNIQUE (username);


--
-- TOC entry 3081 (class 2606 OID 16700)
-- Name: control_control control_control_pkey; Type: CONSTRAINT; Schema: public; Owner: -
--

ALTER TABLE ONLY public.control_control
    ADD CONSTRAINT control_control_pkey PRIMARY KEY (id);


--
-- TOC entry 3084 (class 2606 OID 17073)
-- Name: control_control control_control_reference_code_d2940e55_uniq; Type: CONSTRAINT; Schema: public; Owner: -
--

ALTER TABLE ONLY public.control_control
    ADD CONSTRAINT control_control_reference_code_d2940e55_uniq UNIQUE (reference_code);


--
-- TOC entry 3087 (class 2606 OID 16702)
-- Name: control_question control_question_pkey; Type: CONSTRAINT; Schema: public; Owner: -
--

ALTER TABLE ONLY public.control_question
    ADD CONSTRAINT control_question_pkey PRIMARY KEY (id);


--
-- TOC entry 3091 (class 2606 OID 16704)
-- Name: control_questionfile control_questionfile_pkey; Type: CONSTRAINT; Schema: public; Owner: -
--

ALTER TABLE ONLY public.control_questionfile
    ADD CONSTRAINT control_questionfile_pkey PRIMARY KEY (id);


--
-- TOC entry 3096 (class 2606 OID 16706)
-- Name: control_questionnaire control_questionnaire_pkey; Type: CONSTRAINT; Schema: public; Owner: -
--

ALTER TABLE ONLY public.control_questionnaire
    ADD CONSTRAINT control_questionnaire_pkey PRIMARY KEY (id);


--
-- TOC entry 3099 (class 2606 OID 16708)
-- Name: control_responsefile control_responsefile_pkey; Type: CONSTRAINT; Schema: public; Owner: -
--

ALTER TABLE ONLY public.control_responsefile
    ADD CONSTRAINT control_responsefile_pkey PRIMARY KEY (id);


--
-- TOC entry 3103 (class 2606 OID 16710)
-- Name: control_theme control_theme_pkey; Type: CONSTRAINT; Schema: public; Owner: -
--

ALTER TABLE ONLY public.control_theme
    ADD CONSTRAINT control_theme_pkey PRIMARY KEY (id);


--
-- TOC entry 3107 (class 2606 OID 16712)
-- Name: django_admin_log django_admin_log_pkey; Type: CONSTRAINT; Schema: public; Owner: -
--

ALTER TABLE ONLY public.django_admin_log
    ADD CONSTRAINT django_admin_log_pkey PRIMARY KEY (id);


--
-- TOC entry 3110 (class 2606 OID 16714)
-- Name: django_celery_beat_clockedschedule django_celery_beat_clockedschedule_pkey; Type: CONSTRAINT; Schema: public; Owner: -
--

ALTER TABLE ONLY public.django_celery_beat_clockedschedule
    ADD CONSTRAINT django_celery_beat_clockedschedule_pkey PRIMARY KEY (id);


--
-- TOC entry 3112 (class 2606 OID 16716)
-- Name: django_celery_beat_crontabschedule django_celery_beat_crontabschedule_pkey; Type: CONSTRAINT; Schema: public; Owner: -
--

ALTER TABLE ONLY public.django_celery_beat_crontabschedule
    ADD CONSTRAINT django_celery_beat_crontabschedule_pkey PRIMARY KEY (id);


--
-- TOC entry 3114 (class 2606 OID 16718)
-- Name: django_celery_beat_intervalschedule django_celery_beat_intervalschedule_pkey; Type: CONSTRAINT; Schema: public; Owner: -
--

ALTER TABLE ONLY public.django_celery_beat_intervalschedule
    ADD CONSTRAINT django_celery_beat_intervalschedule_pkey PRIMARY KEY (id);


--
-- TOC entry 3120 (class 2606 OID 16720)
-- Name: django_celery_beat_periodictask django_celery_beat_periodictask_name_key; Type: CONSTRAINT; Schema: public; Owner: -
--

ALTER TABLE ONLY public.django_celery_beat_periodictask
    ADD CONSTRAINT django_celery_beat_periodictask_name_key UNIQUE (name);


--
-- TOC entry 3122 (class 2606 OID 16722)
-- Name: django_celery_beat_periodictask django_celery_beat_periodictask_pkey; Type: CONSTRAINT; Schema: public; Owner: -
--

ALTER TABLE ONLY public.django_celery_beat_periodictask
    ADD CONSTRAINT django_celery_beat_periodictask_pkey PRIMARY KEY (id);


--
-- TOC entry 3125 (class 2606 OID 16724)
-- Name: django_celery_beat_periodictasks django_celery_beat_periodictasks_pkey; Type: CONSTRAINT; Schema: public; Owner: -
--

ALTER TABLE ONLY public.django_celery_beat_periodictasks
    ADD CONSTRAINT django_celery_beat_periodictasks_pkey PRIMARY KEY (ident);


--
-- TOC entry 3127 (class 2606 OID 16726)
-- Name: django_celery_beat_solarschedule django_celery_beat_solar_event_latitude_longitude_ba64999a_uniq; Type: CONSTRAINT; Schema: public; Owner: -
--

ALTER TABLE ONLY public.django_celery_beat_solarschedule
    ADD CONSTRAINT django_celery_beat_solar_event_latitude_longitude_ba64999a_uniq UNIQUE (event, latitude, longitude);


--
-- TOC entry 3129 (class 2606 OID 16728)
-- Name: django_celery_beat_solarschedule django_celery_beat_solarschedule_pkey; Type: CONSTRAINT; Schema: public; Owner: -
--

ALTER TABLE ONLY public.django_celery_beat_solarschedule
    ADD CONSTRAINT django_celery_beat_solarschedule_pkey PRIMARY KEY (id);


--
-- TOC entry 3131 (class 2606 OID 16730)
-- Name: django_content_type django_content_type_app_label_model_76bd3d3b_uniq; Type: CONSTRAINT; Schema: public; Owner: -
--

ALTER TABLE ONLY public.django_content_type
    ADD CONSTRAINT django_content_type_app_label_model_76bd3d3b_uniq UNIQUE (app_label, model);


--
-- TOC entry 3133 (class 2606 OID 16732)
-- Name: django_content_type django_content_type_pkey; Type: CONSTRAINT; Schema: public; Owner: -
--

ALTER TABLE ONLY public.django_content_type
    ADD CONSTRAINT django_content_type_pkey PRIMARY KEY (id);


--
-- TOC entry 3135 (class 2606 OID 16734)
-- Name: django_migrations django_migrations_pkey; Type: CONSTRAINT; Schema: public; Owner: -
--

ALTER TABLE ONLY public.django_migrations
    ADD CONSTRAINT django_migrations_pkey PRIMARY KEY (id);


--
-- TOC entry 3138 (class 2606 OID 16736)
-- Name: django_session django_session_pkey; Type: CONSTRAINT; Schema: public; Owner: -
--

ALTER TABLE ONLY public.django_session
    ADD CONSTRAINT django_session_pkey PRIMARY KEY (session_key);


--
-- TOC entry 3142 (class 2606 OID 16738)
-- Name: django_site django_site_domain_a2e37b91_uniq; Type: CONSTRAINT; Schema: public; Owner: -
--

ALTER TABLE ONLY public.django_site
    ADD CONSTRAINT django_site_domain_a2e37b91_uniq UNIQUE (domain);


--
-- TOC entry 3144 (class 2606 OID 16740)
-- Name: django_site django_site_pkey; Type: CONSTRAINT; Schema: public; Owner: -
--

ALTER TABLE ONLY public.django_site
    ADD CONSTRAINT django_site_pkey PRIMARY KEY (id);


--
-- TOC entry 3148 (class 2606 OID 16742)
-- Name: easy_thumbnails_source easy_thumbnails_source_pkey; Type: CONSTRAINT; Schema: public; Owner: -
--

ALTER TABLE ONLY public.easy_thumbnails_source
    ADD CONSTRAINT easy_thumbnails_source_pkey PRIMARY KEY (id);


--
-- TOC entry 3152 (class 2606 OID 16744)
-- Name: easy_thumbnails_source easy_thumbnails_source_storage_hash_name_481ce32d_uniq; Type: CONSTRAINT; Schema: public; Owner: -
--

ALTER TABLE ONLY public.easy_thumbnails_source
    ADD CONSTRAINT easy_thumbnails_source_storage_hash_name_481ce32d_uniq UNIQUE (storage_hash, name);


--
-- TOC entry 3154 (class 2606 OID 16746)
-- Name: easy_thumbnails_thumbnail easy_thumbnails_thumbnai_storage_hash_name_source_fb375270_uniq; Type: CONSTRAINT; Schema: public; Owner: -
--

ALTER TABLE ONLY public.easy_thumbnails_thumbnail
    ADD CONSTRAINT easy_thumbnails_thumbnai_storage_hash_name_source_fb375270_uniq UNIQUE (storage_hash, name, source_id);


--
-- TOC entry 3158 (class 2606 OID 16748)
-- Name: easy_thumbnails_thumbnail easy_thumbnails_thumbnail_pkey; Type: CONSTRAINT; Schema: public; Owner: -
--

ALTER TABLE ONLY public.easy_thumbnails_thumbnail
    ADD CONSTRAINT easy_thumbnails_thumbnail_pkey PRIMARY KEY (id);


--
-- TOC entry 3163 (class 2606 OID 16750)
-- Name: easy_thumbnails_thumbnaildimensions easy_thumbnails_thumbnaildimensions_pkey; Type: CONSTRAINT; Schema: public; Owner: -
--

ALTER TABLE ONLY public.easy_thumbnails_thumbnaildimensions
    ADD CONSTRAINT easy_thumbnails_thumbnaildimensions_pkey PRIMARY KEY (id);


--
-- TOC entry 3165 (class 2606 OID 16752)
-- Name: easy_thumbnails_thumbnaildimensions easy_thumbnails_thumbnaildimensions_thumbnail_id_key; Type: CONSTRAINT; Schema: public; Owner: -
--

ALTER TABLE ONLY public.easy_thumbnails_thumbnaildimensions
    ADD CONSTRAINT easy_thumbnails_thumbnaildimensions_thumbnail_id_key UNIQUE (thumbnail_id);


--
-- TOC entry 3168 (class 2606 OID 16754)
-- Name: faq_faqitem faq_faqitem_pkey; Type: CONSTRAINT; Schema: public; Owner: -
--

ALTER TABLE ONLY public.faq_faqitem
    ADD CONSTRAINT faq_faqitem_pkey PRIMARY KEY (id);


--
-- TOC entry 3172 (class 2606 OID 16756)
-- Name: filer_clipboard filer_clipboard_pkey; Type: CONSTRAINT; Schema: public; Owner: -
--

ALTER TABLE ONLY public.filer_clipboard
    ADD CONSTRAINT filer_clipboard_pkey PRIMARY KEY (id);


--
-- TOC entry 3177 (class 2606 OID 16758)
-- Name: filer_clipboarditem filer_clipboarditem_pkey; Type: CONSTRAINT; Schema: public; Owner: -
--

ALTER TABLE ONLY public.filer_clipboarditem
    ADD CONSTRAINT filer_clipboarditem_pkey PRIMARY KEY (id);


--
-- TOC entry 3181 (class 2606 OID 16760)
-- Name: filer_file filer_file_pkey; Type: CONSTRAINT; Schema: public; Owner: -
--

ALTER TABLE ONLY public.filer_file
    ADD CONSTRAINT filer_file_pkey PRIMARY KEY (id);


--
-- TOC entry 3186 (class 2606 OID 16762)
-- Name: filer_folder filer_folder_parent_id_name_bc773258_uniq; Type: CONSTRAINT; Schema: public; Owner: -
--

ALTER TABLE ONLY public.filer_folder
    ADD CONSTRAINT filer_folder_parent_id_name_bc773258_uniq UNIQUE (parent_id, name);


--
-- TOC entry 3188 (class 2606 OID 16764)
-- Name: filer_folder filer_folder_pkey; Type: CONSTRAINT; Schema: public; Owner: -
--

ALTER TABLE ONLY public.filer_folder
    ADD CONSTRAINT filer_folder_pkey PRIMARY KEY (id);


--
-- TOC entry 3194 (class 2606 OID 16766)
-- Name: filer_folderpermission filer_folderpermission_pkey; Type: CONSTRAINT; Schema: public; Owner: -
--

ALTER TABLE ONLY public.filer_folderpermission
    ADD CONSTRAINT filer_folderpermission_pkey PRIMARY KEY (id);


--
-- TOC entry 3197 (class 2606 OID 16768)
-- Name: filer_image filer_image_pkey; Type: CONSTRAINT; Schema: public; Owner: -
--

ALTER TABLE ONLY public.filer_image
    ADD CONSTRAINT filer_image_pkey PRIMARY KEY (file_ptr_id);


--
-- TOC entry 3199 (class 2606 OID 16770)
-- Name: filer_thumbnailoption filer_thumbnailoption_pkey; Type: CONSTRAINT; Schema: public; Owner: -
--

ALTER TABLE ONLY public.filer_thumbnailoption
    ADD CONSTRAINT filer_thumbnailoption_pkey PRIMARY KEY (id);


--
-- TOC entry 3202 (class 2606 OID 16772)
-- Name: magicauth_magictoken magicauth_magictoken_pkey; Type: CONSTRAINT; Schema: public; Owner: -
--

ALTER TABLE ONLY public.magicauth_magictoken
    ADD CONSTRAINT magicauth_magictoken_pkey PRIMARY KEY (key);


--
-- TOC entry 3207 (class 2606 OID 16774)
-- Name: user_profiles_userprofile_controls user_profiles_userprofil_userprofile_id_control_i_da8b77b5_uniq; Type: CONSTRAINT; Schema: public; Owner: -
--

ALTER TABLE ONLY public.user_profiles_userprofile_controls
    ADD CONSTRAINT user_profiles_userprofil_userprofile_id_control_i_da8b77b5_uniq UNIQUE (userprofile_id, control_id);


--
-- TOC entry 3210 (class 2606 OID 16776)
-- Name: user_profiles_userprofile_controls user_profiles_userprofile_controls_pkey; Type: CONSTRAINT; Schema: public; Owner: -
--

ALTER TABLE ONLY public.user_profiles_userprofile_controls
    ADD CONSTRAINT user_profiles_userprofile_controls_pkey PRIMARY KEY (id);


--
-- TOC entry 3205 (class 2606 OID 16778)
-- Name: user_profiles_userprofile user_profiles_userprofile_pkey; Type: CONSTRAINT; Schema: public; Owner: -
--

ALTER TABLE ONLY public.user_profiles_userprofile
    ADD CONSTRAINT user_profiles_userprofile_pkey PRIMARY KEY (user_id);


--
-- TOC entry 3021 (class 1259 OID 16779)
-- Name: actstream_action_action_object_content_type_id_ee623c15; Type: INDEX; Schema: public; Owner: -
--

CREATE INDEX actstream_action_action_object_content_type_id_ee623c15 ON public.actstream_action USING btree (action_object_content_type_id);


--
-- TOC entry 3022 (class 1259 OID 16780)
-- Name: actstream_action_action_object_object_id_6433bdf7; Type: INDEX; Schema: public; Owner: -
--

CREATE INDEX actstream_action_action_object_object_id_6433bdf7 ON public.actstream_action USING btree (action_object_object_id);


--
-- TOC entry 3023 (class 1259 OID 16781)
-- Name: actstream_action_action_object_object_id_6433bdf7_like; Type: INDEX; Schema: public; Owner: -
--

CREATE INDEX actstream_action_action_object_object_id_6433bdf7_like ON public.actstream_action USING btree (action_object_object_id varchar_pattern_ops);


--
-- TOC entry 3024 (class 1259 OID 16782)
-- Name: actstream_action_actor_content_type_id_d5e5ec2a; Type: INDEX; Schema: public; Owner: -
--

CREATE INDEX actstream_action_actor_content_type_id_d5e5ec2a ON public.actstream_action USING btree (actor_content_type_id);


--
-- TOC entry 3025 (class 1259 OID 16783)
-- Name: actstream_action_actor_object_id_72ef0cfa; Type: INDEX; Schema: public; Owner: -
--

CREATE INDEX actstream_action_actor_object_id_72ef0cfa ON public.actstream_action USING btree (actor_object_id);


--
-- TOC entry 3026 (class 1259 OID 16784)
-- Name: actstream_action_actor_object_id_72ef0cfa_like; Type: INDEX; Schema: public; Owner: -
--

CREATE INDEX actstream_action_actor_object_id_72ef0cfa_like ON public.actstream_action USING btree (actor_object_id varchar_pattern_ops);


--
-- TOC entry 3029 (class 1259 OID 16785)
-- Name: actstream_action_public_ac0653e9; Type: INDEX; Schema: public; Owner: -
--

CREATE INDEX actstream_action_public_ac0653e9 ON public.actstream_action USING btree (public);


--
-- TOC entry 3030 (class 1259 OID 16786)
-- Name: actstream_action_target_content_type_id_187fa164; Type: INDEX; Schema: public; Owner: -
--

CREATE INDEX actstream_action_target_content_type_id_187fa164 ON public.actstream_action USING btree (target_content_type_id);


--
-- TOC entry 3031 (class 1259 OID 16787)
-- Name: actstream_action_target_object_id_e080d801; Type: INDEX; Schema: public; Owner: -
--

CREATE INDEX actstream_action_target_object_id_e080d801 ON public.actstream_action USING btree (target_object_id);


--
-- TOC entry 3032 (class 1259 OID 16788)
-- Name: actstream_action_target_object_id_e080d801_like; Type: INDEX; Schema: public; Owner: -
--

CREATE INDEX actstream_action_target_object_id_e080d801_like ON public.actstream_action USING btree (target_object_id varchar_pattern_ops);


--
-- TOC entry 3033 (class 1259 OID 16789)
-- Name: actstream_action_timestamp_a23fe3ae; Type: INDEX; Schema: public; Owner: -
--

CREATE INDEX actstream_action_timestamp_a23fe3ae ON public.actstream_action USING btree ("timestamp");


--
-- TOC entry 3034 (class 1259 OID 16790)
-- Name: actstream_action_verb_83f768b7; Type: INDEX; Schema: public; Owner: -
--

CREATE INDEX actstream_action_verb_83f768b7 ON public.actstream_action USING btree (verb);


--
-- TOC entry 3035 (class 1259 OID 16791)
-- Name: actstream_action_verb_83f768b7_like; Type: INDEX; Schema: public; Owner: -
--

CREATE INDEX actstream_action_verb_83f768b7_like ON public.actstream_action USING btree (verb varchar_pattern_ops);


--
-- TOC entry 3036 (class 1259 OID 16792)
-- Name: actstream_follow_content_type_id_ba287eb9; Type: INDEX; Schema: public; Owner: -
--

CREATE INDEX actstream_follow_content_type_id_ba287eb9 ON public.actstream_follow USING btree (content_type_id);


--
-- TOC entry 3037 (class 1259 OID 16793)
-- Name: actstream_follow_flag_0e741c24; Type: INDEX; Schema: public; Owner: -
--

CREATE INDEX actstream_follow_flag_0e741c24 ON public.actstream_follow USING btree (flag);


--
-- TOC entry 3038 (class 1259 OID 16794)
-- Name: actstream_follow_flag_0e741c24_like; Type: INDEX; Schema: public; Owner: -
--

CREATE INDEX actstream_follow_flag_0e741c24_like ON public.actstream_follow USING btree (flag varchar_pattern_ops);


--
-- TOC entry 3039 (class 1259 OID 16795)
-- Name: actstream_follow_object_id_d790e00d; Type: INDEX; Schema: public; Owner: -
--

CREATE INDEX actstream_follow_object_id_d790e00d ON public.actstream_follow USING btree (object_id);


--
-- TOC entry 3040 (class 1259 OID 16796)
-- Name: actstream_follow_object_id_d790e00d_like; Type: INDEX; Schema: public; Owner: -
--

CREATE INDEX actstream_follow_object_id_d790e00d_like ON public.actstream_follow USING btree (object_id varchar_pattern_ops);


--
-- TOC entry 3043 (class 1259 OID 16797)
-- Name: actstream_follow_started_254c63bd; Type: INDEX; Schema: public; Owner: -
--

CREATE INDEX actstream_follow_started_254c63bd ON public.actstream_follow USING btree (started);


--
-- TOC entry 3046 (class 1259 OID 16798)
-- Name: actstream_follow_user_id_e9d4e1ff; Type: INDEX; Schema: public; Owner: -
--

CREATE INDEX actstream_follow_user_id_e9d4e1ff ON public.actstream_follow USING btree (user_id);


--
-- TOC entry 3047 (class 1259 OID 17069)
-- Name: auth_group_name_a6ea08ec_like; Type: INDEX; Schema: public; Owner: -
--

CREATE INDEX auth_group_name_a6ea08ec_like ON public.auth_group USING btree (name varchar_pattern_ops);


--
-- TOC entry 3052 (class 1259 OID 16800)
-- Name: auth_group_permissions_group_id_b120cbf9; Type: INDEX; Schema: public; Owner: -
--

CREATE INDEX auth_group_permissions_group_id_b120cbf9 ON public.auth_group_permissions USING btree (group_id);


--
-- TOC entry 3055 (class 1259 OID 16801)
-- Name: auth_group_permissions_permission_id_84c5c92e; Type: INDEX; Schema: public; Owner: -
--

CREATE INDEX auth_group_permissions_permission_id_84c5c92e ON public.auth_group_permissions USING btree (permission_id);


--
-- TOC entry 3058 (class 1259 OID 16802)
-- Name: auth_permission_content_type_id_2f476e4b; Type: INDEX; Schema: public; Owner: -
--

CREATE INDEX auth_permission_content_type_id_2f476e4b ON public.auth_permission USING btree (content_type_id);


--
-- TOC entry 3068 (class 1259 OID 16803)
-- Name: auth_user_groups_group_id_97559544; Type: INDEX; Schema: public; Owner: -
--

CREATE INDEX auth_user_groups_group_id_97559544 ON public.auth_user_groups USING btree (group_id);


--
-- TOC entry 3071 (class 1259 OID 16804)
-- Name: auth_user_groups_user_id_6a12ed8b; Type: INDEX; Schema: public; Owner: -
--

CREATE INDEX auth_user_groups_user_id_6a12ed8b ON public.auth_user_groups USING btree (user_id);


--
-- TOC entry 3074 (class 1259 OID 16805)
-- Name: auth_user_user_permissions_permission_id_1fbb5f2c; Type: INDEX; Schema: public; Owner: -
--

CREATE INDEX auth_user_user_permissions_permission_id_1fbb5f2c ON public.auth_user_user_permissions USING btree (permission_id);


--
-- TOC entry 3077 (class 1259 OID 16806)
-- Name: auth_user_user_permissions_user_id_a95ead1b; Type: INDEX; Schema: public; Owner: -
--

CREATE INDEX auth_user_user_permissions_user_id_a95ead1b ON public.auth_user_user_permissions USING btree (user_id);


--
-- TOC entry 3065 (class 1259 OID 16807)
-- Name: auth_user_username_6821ab7c_like; Type: INDEX; Schema: public; Owner: -
--

CREATE INDEX auth_user_username_6821ab7c_like ON public.auth_user USING btree (username varchar_pattern_ops);


--
-- TOC entry 3082 (class 1259 OID 17074)
-- Name: control_control_reference_code_d2940e55_like; Type: INDEX; Schema: public; Owner: -
--

CREATE INDEX control_control_reference_code_d2940e55_like ON public.control_control USING btree (reference_code varchar_pattern_ops);


--
-- TOC entry 3085 (class 1259 OID 16808)
-- Name: control_question_order_e7bc6973; Type: INDEX; Schema: public; Owner: -
--

CREATE INDEX control_question_order_e7bc6973 ON public.control_question USING btree ("order");


--
-- TOC entry 3088 (class 1259 OID 16809)
-- Name: control_question_theme_id_95b8f87f; Type: INDEX; Schema: public; Owner: -
--

CREATE INDEX control_question_theme_id_95b8f87f ON public.control_question USING btree (theme_id);


--
-- TOC entry 3089 (class 1259 OID 16810)
-- Name: control_questionfile_order_b5d44261; Type: INDEX; Schema: public; Owner: -
--

CREATE INDEX control_questionfile_order_b5d44261 ON public.control_questionfile USING btree ("order");


--
-- TOC entry 3092 (class 1259 OID 16811)
-- Name: control_questionfile_question_id_14d7510a; Type: INDEX; Schema: public; Owner: -
--

CREATE INDEX control_questionfile_question_id_14d7510a ON public.control_questionfile USING btree (question_id);


--
-- TOC entry 3093 (class 1259 OID 16812)
-- Name: control_questionnaire_control_id_e199c25f; Type: INDEX; Schema: public; Owner: -
--

CREATE INDEX control_questionnaire_control_id_e199c25f ON public.control_questionnaire USING btree (control_id);


--
-- TOC entry 3094 (class 1259 OID 16813)
-- Name: control_questionnaire_order_f05bd4cb; Type: INDEX; Schema: public; Owner: -
--

CREATE INDEX control_questionnaire_order_f05bd4cb ON public.control_questionnaire USING btree ("order");


--
-- TOC entry 3097 (class 1259 OID 16814)
-- Name: control_responsefile_author_id_2e543051; Type: INDEX; Schema: public; Owner: -
--

CREATE INDEX control_responsefile_author_id_2e543051 ON public.control_responsefile USING btree (author_id);


--
-- TOC entry 3100 (class 1259 OID 16815)
-- Name: control_responsefile_question_id_ef66df62; Type: INDEX; Schema: public; Owner: -
--

CREATE INDEX control_responsefile_question_id_ef66df62 ON public.control_responsefile USING btree (question_id);


--
-- TOC entry 3101 (class 1259 OID 16816)
-- Name: control_theme_order_b73c3eb8; Type: INDEX; Schema: public; Owner: -
--

CREATE INDEX control_theme_order_b73c3eb8 ON public.control_theme USING btree ("order");


--
-- TOC entry 3104 (class 1259 OID 16817)
-- Name: control_theme_questionnaire_id_43a2cef0; Type: INDEX; Schema: public; Owner: -
--

CREATE INDEX control_theme_questionnaire_id_43a2cef0 ON public.control_theme USING btree (questionnaire_id);


--
-- TOC entry 3105 (class 1259 OID 16818)
-- Name: django_admin_log_content_type_id_c4bce8eb; Type: INDEX; Schema: public; Owner: -
--

CREATE INDEX django_admin_log_content_type_id_c4bce8eb ON public.django_admin_log USING btree (content_type_id);


--
-- TOC entry 3108 (class 1259 OID 16819)
-- Name: django_admin_log_user_id_c564eba6; Type: INDEX; Schema: public; Owner: -
--

CREATE INDEX django_admin_log_user_id_c564eba6 ON public.django_admin_log USING btree (user_id);


--
-- TOC entry 3115 (class 1259 OID 16820)
-- Name: django_celery_beat_periodictask_clocked_id_47a69f82; Type: INDEX; Schema: public; Owner: -
--

CREATE INDEX django_celery_beat_periodictask_clocked_id_47a69f82 ON public.django_celery_beat_periodictask USING btree (clocked_id);


--
-- TOC entry 3116 (class 1259 OID 16821)
-- Name: django_celery_beat_periodictask_crontab_id_d3cba168; Type: INDEX; Schema: public; Owner: -
--

CREATE INDEX django_celery_beat_periodictask_crontab_id_d3cba168 ON public.django_celery_beat_periodictask USING btree (crontab_id);


--
-- TOC entry 3117 (class 1259 OID 16822)
-- Name: django_celery_beat_periodictask_interval_id_a8ca27da; Type: INDEX; Schema: public; Owner: -
--

CREATE INDEX django_celery_beat_periodictask_interval_id_a8ca27da ON public.django_celery_beat_periodictask USING btree (interval_id);


--
-- TOC entry 3118 (class 1259 OID 16823)
-- Name: django_celery_beat_periodictask_name_265a36b7_like; Type: INDEX; Schema: public; Owner: -
--

CREATE INDEX django_celery_beat_periodictask_name_265a36b7_like ON public.django_celery_beat_periodictask USING btree (name varchar_pattern_ops);


--
-- TOC entry 3123 (class 1259 OID 16824)
-- Name: django_celery_beat_periodictask_solar_id_a87ce72c; Type: INDEX; Schema: public; Owner: -
--

CREATE INDEX django_celery_beat_periodictask_solar_id_a87ce72c ON public.django_celery_beat_periodictask USING btree (solar_id);


--
-- TOC entry 3136 (class 1259 OID 16825)
-- Name: django_session_expire_date_a5c62663; Type: INDEX; Schema: public; Owner: -
--

CREATE INDEX django_session_expire_date_a5c62663 ON public.django_session USING btree (expire_date);


--
-- TOC entry 3139 (class 1259 OID 16826)
-- Name: django_session_session_key_c0390e0f_like; Type: INDEX; Schema: public; Owner: -
--

CREATE INDEX django_session_session_key_c0390e0f_like ON public.django_session USING btree (session_key varchar_pattern_ops);


--
-- TOC entry 3140 (class 1259 OID 16827)
-- Name: django_site_domain_a2e37b91_like; Type: INDEX; Schema: public; Owner: -
--

CREATE INDEX django_site_domain_a2e37b91_like ON public.django_site USING btree (domain varchar_pattern_ops);


--
-- TOC entry 3145 (class 1259 OID 16828)
-- Name: easy_thumbnails_source_name_5fe0edc6; Type: INDEX; Schema: public; Owner: -
--

CREATE INDEX easy_thumbnails_source_name_5fe0edc6 ON public.easy_thumbnails_source USING btree (name);


--
-- TOC entry 3146 (class 1259 OID 16829)
-- Name: easy_thumbnails_source_name_5fe0edc6_like; Type: INDEX; Schema: public; Owner: -
--

CREATE INDEX easy_thumbnails_source_name_5fe0edc6_like ON public.easy_thumbnails_source USING btree (name varchar_pattern_ops);


--
-- TOC entry 3149 (class 1259 OID 16830)
-- Name: easy_thumbnails_source_storage_hash_946cbcc9; Type: INDEX; Schema: public; Owner: -
--

CREATE INDEX easy_thumbnails_source_storage_hash_946cbcc9 ON public.easy_thumbnails_source USING btree (storage_hash);


--
-- TOC entry 3150 (class 1259 OID 16831)
-- Name: easy_thumbnails_source_storage_hash_946cbcc9_like; Type: INDEX; Schema: public; Owner: -
--

CREATE INDEX easy_thumbnails_source_storage_hash_946cbcc9_like ON public.easy_thumbnails_source USING btree (storage_hash varchar_pattern_ops);


--
-- TOC entry 3155 (class 1259 OID 16832)
-- Name: easy_thumbnails_thumbnail_name_b5882c31; Type: INDEX; Schema: public; Owner: -
--

CREATE INDEX easy_thumbnails_thumbnail_name_b5882c31 ON public.easy_thumbnails_thumbnail USING btree (name);


--
-- TOC entry 3156 (class 1259 OID 16833)
-- Name: easy_thumbnails_thumbnail_name_b5882c31_like; Type: INDEX; Schema: public; Owner: -
--

CREATE INDEX easy_thumbnails_thumbnail_name_b5882c31_like ON public.easy_thumbnails_thumbnail USING btree (name varchar_pattern_ops);


--
-- TOC entry 3159 (class 1259 OID 16834)
-- Name: easy_thumbnails_thumbnail_source_id_5b57bc77; Type: INDEX; Schema: public; Owner: -
--

CREATE INDEX easy_thumbnails_thumbnail_source_id_5b57bc77 ON public.easy_thumbnails_thumbnail USING btree (source_id);


--
-- TOC entry 3160 (class 1259 OID 16835)
-- Name: easy_thumbnails_thumbnail_storage_hash_f1435f49; Type: INDEX; Schema: public; Owner: -
--

CREATE INDEX easy_thumbnails_thumbnail_storage_hash_f1435f49 ON public.easy_thumbnails_thumbnail USING btree (storage_hash);


--
-- TOC entry 3161 (class 1259 OID 16836)
-- Name: easy_thumbnails_thumbnail_storage_hash_f1435f49_like; Type: INDEX; Schema: public; Owner: -
--

CREATE INDEX easy_thumbnails_thumbnail_storage_hash_f1435f49_like ON public.easy_thumbnails_thumbnail USING btree (storage_hash varchar_pattern_ops);


--
-- TOC entry 3166 (class 1259 OID 16837)
-- Name: faq_faqitem_order_277fc73f; Type: INDEX; Schema: public; Owner: -
--

CREATE INDEX faq_faqitem_order_277fc73f ON public.faq_faqitem USING btree ("order");


--
-- TOC entry 3169 (class 1259 OID 16838)
-- Name: faq_faqitem_slug_2ea5051b; Type: INDEX; Schema: public; Owner: -
--

CREATE INDEX faq_faqitem_slug_2ea5051b ON public.faq_faqitem USING btree (slug);


--
-- TOC entry 3170 (class 1259 OID 16839)
-- Name: faq_faqitem_slug_2ea5051b_like; Type: INDEX; Schema: public; Owner: -
--

CREATE INDEX faq_faqitem_slug_2ea5051b_like ON public.faq_faqitem USING btree (slug varchar_pattern_ops);


--
-- TOC entry 3173 (class 1259 OID 16840)
-- Name: filer_clipboard_user_id_b52ff0bc; Type: INDEX; Schema: public; Owner: -
--

CREATE INDEX filer_clipboard_user_id_b52ff0bc ON public.filer_clipboard USING btree (user_id);


--
-- TOC entry 3174 (class 1259 OID 16841)
-- Name: filer_clipboarditem_clipboard_id_7a76518b; Type: INDEX; Schema: public; Owner: -
--

CREATE INDEX filer_clipboarditem_clipboard_id_7a76518b ON public.filer_clipboarditem USING btree (clipboard_id);


--
-- TOC entry 3175 (class 1259 OID 16842)
-- Name: filer_clipboarditem_file_id_06196f80; Type: INDEX; Schema: public; Owner: -
--

CREATE INDEX filer_clipboarditem_file_id_06196f80 ON public.filer_clipboarditem USING btree (file_id);


--
-- TOC entry 3178 (class 1259 OID 16843)
-- Name: filer_file_folder_id_af803bbb; Type: INDEX; Schema: public; Owner: -
--

CREATE INDEX filer_file_folder_id_af803bbb ON public.filer_file USING btree (folder_id);


--
-- TOC entry 3179 (class 1259 OID 16844)
-- Name: filer_file_owner_id_b9e32671; Type: INDEX; Schema: public; Owner: -
--

CREATE INDEX filer_file_owner_id_b9e32671 ON public.filer_file USING btree (owner_id);


--
-- TOC entry 3182 (class 1259 OID 16845)
-- Name: filer_file_polymorphic_ctype_id_f44903c1; Type: INDEX; Schema: public; Owner: -
--

CREATE INDEX filer_file_polymorphic_ctype_id_f44903c1 ON public.filer_file USING btree (polymorphic_ctype_id);


--
-- TOC entry 3183 (class 1259 OID 16846)
-- Name: filer_folder_owner_id_be530fb4; Type: INDEX; Schema: public; Owner: -
--

CREATE INDEX filer_folder_owner_id_be530fb4 ON public.filer_folder USING btree (owner_id);


--
-- TOC entry 3184 (class 1259 OID 16847)
-- Name: filer_folder_parent_id_308aecda; Type: INDEX; Schema: public; Owner: -
--

CREATE INDEX filer_folder_parent_id_308aecda ON public.filer_folder USING btree (parent_id);


--
-- TOC entry 3189 (class 1259 OID 16848)
-- Name: filer_folder_tree_id_b016223c; Type: INDEX; Schema: public; Owner: -
--

CREATE INDEX filer_folder_tree_id_b016223c ON public.filer_folder USING btree (tree_id);


--
-- TOC entry 3190 (class 1259 OID 16849)
-- Name: filer_folder_tree_id_lft_088ce52b_idx; Type: INDEX; Schema: public; Owner: -
--

CREATE INDEX filer_folder_tree_id_lft_088ce52b_idx ON public.filer_folder USING btree (tree_id, lft);


--
-- TOC entry 3191 (class 1259 OID 16850)
-- Name: filer_folderpermission_folder_id_5d02f1da; Type: INDEX; Schema: public; Owner: -
--

CREATE INDEX filer_folderpermission_folder_id_5d02f1da ON public.filer_folderpermission USING btree (folder_id);


--
-- TOC entry 3192 (class 1259 OID 16851)
-- Name: filer_folderpermission_group_id_8901bafa; Type: INDEX; Schema: public; Owner: -
--

CREATE INDEX filer_folderpermission_group_id_8901bafa ON public.filer_folderpermission USING btree (group_id);


--
-- TOC entry 3195 (class 1259 OID 16852)
-- Name: filer_folderpermission_user_id_7673d4b6; Type: INDEX; Schema: public; Owner: -
--

CREATE INDEX filer_folderpermission_user_id_7673d4b6 ON public.filer_folderpermission USING btree (user_id);


--
-- TOC entry 3200 (class 1259 OID 16853)
-- Name: magicauth_magictoken_key_122eaf32_like; Type: INDEX; Schema: public; Owner: -
--

CREATE INDEX magicauth_magictoken_key_122eaf32_like ON public.magicauth_magictoken USING btree (key varchar_pattern_ops);


--
-- TOC entry 3203 (class 1259 OID 16854)
-- Name: magicauth_magictoken_user_id_facad363; Type: INDEX; Schema: public; Owner: -
--

CREATE INDEX magicauth_magictoken_user_id_facad363 ON public.magicauth_magictoken USING btree (user_id);


--
-- TOC entry 3208 (class 1259 OID 16855)
-- Name: user_profiles_userprofile_controls_control_id_4b343aa9; Type: INDEX; Schema: public; Owner: -
--

CREATE INDEX user_profiles_userprofile_controls_control_id_4b343aa9 ON public.user_profiles_userprofile_controls USING btree (control_id);


--
-- TOC entry 3211 (class 1259 OID 16856)
-- Name: user_profiles_userprofile_controls_userprofile_id_3b4c3368; Type: INDEX; Schema: public; Owner: -
--

CREATE INDEX user_profiles_userprofile_controls_userprofile_id_3b4c3368 ON public.user_profiles_userprofile_controls USING btree (userprofile_id);


--
-- TOC entry 3212 (class 2606 OID 16857)
-- Name: actstream_action actstream_action_action_object_conten_ee623c15_fk_django_co; Type: FK CONSTRAINT; Schema: public; Owner: -
--

ALTER TABLE ONLY public.actstream_action
    ADD CONSTRAINT actstream_action_action_object_conten_ee623c15_fk_django_co FOREIGN KEY (action_object_content_type_id) REFERENCES public.django_content_type(id) DEFERRABLE INITIALLY DEFERRED;


--
-- TOC entry 3213 (class 2606 OID 16862)
-- Name: actstream_action actstream_action_actor_content_type_i_d5e5ec2a_fk_django_co; Type: FK CONSTRAINT; Schema: public; Owner: -
--

ALTER TABLE ONLY public.actstream_action
    ADD CONSTRAINT actstream_action_actor_content_type_i_d5e5ec2a_fk_django_co FOREIGN KEY (actor_content_type_id) REFERENCES public.django_content_type(id) DEFERRABLE INITIALLY DEFERRED;


--
-- TOC entry 3214 (class 2606 OID 16867)
-- Name: actstream_action actstream_action_target_content_type__187fa164_fk_django_co; Type: FK CONSTRAINT; Schema: public; Owner: -
--

ALTER TABLE ONLY public.actstream_action
    ADD CONSTRAINT actstream_action_target_content_type__187fa164_fk_django_co FOREIGN KEY (target_content_type_id) REFERENCES public.django_content_type(id) DEFERRABLE INITIALLY DEFERRED;


--
-- TOC entry 3215 (class 2606 OID 16872)
-- Name: actstream_follow actstream_follow_content_type_id_ba287eb9_fk_django_co; Type: FK CONSTRAINT; Schema: public; Owner: -
--

ALTER TABLE ONLY public.actstream_follow
    ADD CONSTRAINT actstream_follow_content_type_id_ba287eb9_fk_django_co FOREIGN KEY (content_type_id) REFERENCES public.django_content_type(id) DEFERRABLE INITIALLY DEFERRED;


--
-- TOC entry 3216 (class 2606 OID 16877)
-- Name: actstream_follow actstream_follow_user_id_e9d4e1ff_fk_auth_user_id; Type: FK CONSTRAINT; Schema: public; Owner: -
--

ALTER TABLE ONLY public.actstream_follow
    ADD CONSTRAINT actstream_follow_user_id_e9d4e1ff_fk_auth_user_id FOREIGN KEY (user_id) REFERENCES public.auth_user(id) DEFERRABLE INITIALLY DEFERRED;


--
-- TOC entry 3217 (class 2606 OID 16882)
-- Name: auth_group_permissions auth_group_permissio_permission_id_84c5c92e_fk_auth_perm; Type: FK CONSTRAINT; Schema: public; Owner: -
--

ALTER TABLE ONLY public.auth_group_permissions
    ADD CONSTRAINT auth_group_permissio_permission_id_84c5c92e_fk_auth_perm FOREIGN KEY (permission_id) REFERENCES public.auth_permission(id) DEFERRABLE INITIALLY DEFERRED;


--
-- TOC entry 3218 (class 2606 OID 16887)
-- Name: auth_group_permissions auth_group_permissions_group_id_b120cbf9_fk_auth_group_id; Type: FK CONSTRAINT; Schema: public; Owner: -
--

ALTER TABLE ONLY public.auth_group_permissions
    ADD CONSTRAINT auth_group_permissions_group_id_b120cbf9_fk_auth_group_id FOREIGN KEY (group_id) REFERENCES public.auth_group(id) DEFERRABLE INITIALLY DEFERRED;


--
-- TOC entry 3219 (class 2606 OID 16892)
-- Name: auth_permission auth_permission_content_type_id_2f476e4b_fk_django_co; Type: FK CONSTRAINT; Schema: public; Owner: -
--

ALTER TABLE ONLY public.auth_permission
    ADD CONSTRAINT auth_permission_content_type_id_2f476e4b_fk_django_co FOREIGN KEY (content_type_id) REFERENCES public.django_content_type(id) DEFERRABLE INITIALLY DEFERRED;


--
-- TOC entry 3220 (class 2606 OID 16897)
-- Name: auth_user_groups auth_user_groups_group_id_97559544_fk_auth_group_id; Type: FK CONSTRAINT; Schema: public; Owner: -
--

ALTER TABLE ONLY public.auth_user_groups
    ADD CONSTRAINT auth_user_groups_group_id_97559544_fk_auth_group_id FOREIGN KEY (group_id) REFERENCES public.auth_group(id) DEFERRABLE INITIALLY DEFERRED;


--
-- TOC entry 3221 (class 2606 OID 16902)
-- Name: auth_user_groups auth_user_groups_user_id_6a12ed8b_fk_auth_user_id; Type: FK CONSTRAINT; Schema: public; Owner: -
--

ALTER TABLE ONLY public.auth_user_groups
    ADD CONSTRAINT auth_user_groups_user_id_6a12ed8b_fk_auth_user_id FOREIGN KEY (user_id) REFERENCES public.auth_user(id) DEFERRABLE INITIALLY DEFERRED;


--
-- TOC entry 3222 (class 2606 OID 16907)
-- Name: auth_user_user_permissions auth_user_user_permi_permission_id_1fbb5f2c_fk_auth_perm; Type: FK CONSTRAINT; Schema: public; Owner: -
--

ALTER TABLE ONLY public.auth_user_user_permissions
    ADD CONSTRAINT auth_user_user_permi_permission_id_1fbb5f2c_fk_auth_perm FOREIGN KEY (permission_id) REFERENCES public.auth_permission(id) DEFERRABLE INITIALLY DEFERRED;


--
-- TOC entry 3223 (class 2606 OID 16912)
-- Name: auth_user_user_permissions auth_user_user_permissions_user_id_a95ead1b_fk_auth_user_id; Type: FK CONSTRAINT; Schema: public; Owner: -
--

ALTER TABLE ONLY public.auth_user_user_permissions
    ADD CONSTRAINT auth_user_user_permissions_user_id_a95ead1b_fk_auth_user_id FOREIGN KEY (user_id) REFERENCES public.auth_user(id) DEFERRABLE INITIALLY DEFERRED;


--
-- TOC entry 3224 (class 2606 OID 16917)
-- Name: control_question control_question_theme_id_95b8f87f_fk_control_theme_id; Type: FK CONSTRAINT; Schema: public; Owner: -
--

ALTER TABLE ONLY public.control_question
    ADD CONSTRAINT control_question_theme_id_95b8f87f_fk_control_theme_id FOREIGN KEY (theme_id) REFERENCES public.control_theme(id) DEFERRABLE INITIALLY DEFERRED;


--
-- TOC entry 3225 (class 2606 OID 16922)
-- Name: control_questionfile control_questionfile_question_id_14d7510a_fk_control_q; Type: FK CONSTRAINT; Schema: public; Owner: -
--

ALTER TABLE ONLY public.control_questionfile
    ADD CONSTRAINT control_questionfile_question_id_14d7510a_fk_control_q FOREIGN KEY (question_id) REFERENCES public.control_question(id) DEFERRABLE INITIALLY DEFERRED;


--
-- TOC entry 3226 (class 2606 OID 16927)
-- Name: control_questionnaire control_questionnaire_control_id_e199c25f_fk_control_control_id; Type: FK CONSTRAINT; Schema: public; Owner: -
--

ALTER TABLE ONLY public.control_questionnaire
    ADD CONSTRAINT control_questionnaire_control_id_e199c25f_fk_control_control_id FOREIGN KEY (control_id) REFERENCES public.control_control(id) DEFERRABLE INITIALLY DEFERRED;


--
-- TOC entry 3227 (class 2606 OID 16932)
-- Name: control_responsefile control_responsefile_author_id_2e543051_fk_auth_user_id; Type: FK CONSTRAINT; Schema: public; Owner: -
--

ALTER TABLE ONLY public.control_responsefile
    ADD CONSTRAINT control_responsefile_author_id_2e543051_fk_auth_user_id FOREIGN KEY (author_id) REFERENCES public.auth_user(id) DEFERRABLE INITIALLY DEFERRED;


--
-- TOC entry 3228 (class 2606 OID 16937)
-- Name: control_responsefile control_responsefile_question_id_ef66df62_fk_control_q; Type: FK CONSTRAINT; Schema: public; Owner: -
--

ALTER TABLE ONLY public.control_responsefile
    ADD CONSTRAINT control_responsefile_question_id_ef66df62_fk_control_q FOREIGN KEY (question_id) REFERENCES public.control_question(id) DEFERRABLE INITIALLY DEFERRED;


--
-- TOC entry 3229 (class 2606 OID 16942)
-- Name: control_theme control_theme_questionnaire_id_43a2cef0_fk_control_q; Type: FK CONSTRAINT; Schema: public; Owner: -
--

ALTER TABLE ONLY public.control_theme
    ADD CONSTRAINT control_theme_questionnaire_id_43a2cef0_fk_control_q FOREIGN KEY (questionnaire_id) REFERENCES public.control_questionnaire(id) DEFERRABLE INITIALLY DEFERRED;


--
-- TOC entry 3230 (class 2606 OID 16947)
-- Name: django_admin_log django_admin_log_content_type_id_c4bce8eb_fk_django_co; Type: FK CONSTRAINT; Schema: public; Owner: -
--

ALTER TABLE ONLY public.django_admin_log
    ADD CONSTRAINT django_admin_log_content_type_id_c4bce8eb_fk_django_co FOREIGN KEY (content_type_id) REFERENCES public.django_content_type(id) DEFERRABLE INITIALLY DEFERRED;


--
-- TOC entry 3231 (class 2606 OID 16952)
-- Name: django_admin_log django_admin_log_user_id_c564eba6_fk_auth_user_id; Type: FK CONSTRAINT; Schema: public; Owner: -
--

ALTER TABLE ONLY public.django_admin_log
    ADD CONSTRAINT django_admin_log_user_id_c564eba6_fk_auth_user_id FOREIGN KEY (user_id) REFERENCES public.auth_user(id) DEFERRABLE INITIALLY DEFERRED;


--
-- TOC entry 3232 (class 2606 OID 16957)
-- Name: django_celery_beat_periodictask django_celery_beat_p_clocked_id_47a69f82_fk_django_ce; Type: FK CONSTRAINT; Schema: public; Owner: -
--

ALTER TABLE ONLY public.django_celery_beat_periodictask
    ADD CONSTRAINT django_celery_beat_p_clocked_id_47a69f82_fk_django_ce FOREIGN KEY (clocked_id) REFERENCES public.django_celery_beat_clockedschedule(id) DEFERRABLE INITIALLY DEFERRED;


--
-- TOC entry 3233 (class 2606 OID 16962)
-- Name: django_celery_beat_periodictask django_celery_beat_p_crontab_id_d3cba168_fk_django_ce; Type: FK CONSTRAINT; Schema: public; Owner: -
--

ALTER TABLE ONLY public.django_celery_beat_periodictask
    ADD CONSTRAINT django_celery_beat_p_crontab_id_d3cba168_fk_django_ce FOREIGN KEY (crontab_id) REFERENCES public.django_celery_beat_crontabschedule(id) DEFERRABLE INITIALLY DEFERRED;


--
-- TOC entry 3234 (class 2606 OID 16967)
-- Name: django_celery_beat_periodictask django_celery_beat_p_interval_id_a8ca27da_fk_django_ce; Type: FK CONSTRAINT; Schema: public; Owner: -
--

ALTER TABLE ONLY public.django_celery_beat_periodictask
    ADD CONSTRAINT django_celery_beat_p_interval_id_a8ca27da_fk_django_ce FOREIGN KEY (interval_id) REFERENCES public.django_celery_beat_intervalschedule(id) DEFERRABLE INITIALLY DEFERRED;


--
-- TOC entry 3235 (class 2606 OID 16972)
-- Name: django_celery_beat_periodictask django_celery_beat_p_solar_id_a87ce72c_fk_django_ce; Type: FK CONSTRAINT; Schema: public; Owner: -
--

ALTER TABLE ONLY public.django_celery_beat_periodictask
    ADD CONSTRAINT django_celery_beat_p_solar_id_a87ce72c_fk_django_ce FOREIGN KEY (solar_id) REFERENCES public.django_celery_beat_solarschedule(id) DEFERRABLE INITIALLY DEFERRED;


--
-- TOC entry 3236 (class 2606 OID 16977)
-- Name: easy_thumbnails_thumbnail easy_thumbnails_thum_source_id_5b57bc77_fk_easy_thum; Type: FK CONSTRAINT; Schema: public; Owner: -
--

ALTER TABLE ONLY public.easy_thumbnails_thumbnail
    ADD CONSTRAINT easy_thumbnails_thum_source_id_5b57bc77_fk_easy_thum FOREIGN KEY (source_id) REFERENCES public.easy_thumbnails_source(id) DEFERRABLE INITIALLY DEFERRED;


--
-- TOC entry 3237 (class 2606 OID 16982)
-- Name: easy_thumbnails_thumbnaildimensions easy_thumbnails_thum_thumbnail_id_c3a0c549_fk_easy_thum; Type: FK CONSTRAINT; Schema: public; Owner: -
--

ALTER TABLE ONLY public.easy_thumbnails_thumbnaildimensions
    ADD CONSTRAINT easy_thumbnails_thum_thumbnail_id_c3a0c549_fk_easy_thum FOREIGN KEY (thumbnail_id) REFERENCES public.easy_thumbnails_thumbnail(id) DEFERRABLE INITIALLY DEFERRED;


--
-- TOC entry 3238 (class 2606 OID 16987)
-- Name: filer_clipboard filer_clipboard_user_id_b52ff0bc_fk_auth_user_id; Type: FK CONSTRAINT; Schema: public; Owner: -
--

ALTER TABLE ONLY public.filer_clipboard
    ADD CONSTRAINT filer_clipboard_user_id_b52ff0bc_fk_auth_user_id FOREIGN KEY (user_id) REFERENCES public.auth_user(id) DEFERRABLE INITIALLY DEFERRED;


--
-- TOC entry 3239 (class 2606 OID 16992)
-- Name: filer_clipboarditem filer_clipboarditem_clipboard_id_7a76518b_fk_filer_clipboard_id; Type: FK CONSTRAINT; Schema: public; Owner: -
--

ALTER TABLE ONLY public.filer_clipboarditem
    ADD CONSTRAINT filer_clipboarditem_clipboard_id_7a76518b_fk_filer_clipboard_id FOREIGN KEY (clipboard_id) REFERENCES public.filer_clipboard(id) DEFERRABLE INITIALLY DEFERRED;


--
-- TOC entry 3240 (class 2606 OID 16997)
-- Name: filer_clipboarditem filer_clipboarditem_file_id_06196f80_fk_filer_file_id; Type: FK CONSTRAINT; Schema: public; Owner: -
--

ALTER TABLE ONLY public.filer_clipboarditem
    ADD CONSTRAINT filer_clipboarditem_file_id_06196f80_fk_filer_file_id FOREIGN KEY (file_id) REFERENCES public.filer_file(id) DEFERRABLE INITIALLY DEFERRED;


--
-- TOC entry 3241 (class 2606 OID 17002)
-- Name: filer_file filer_file_folder_id_af803bbb_fk_filer_folder_id; Type: FK CONSTRAINT; Schema: public; Owner: -
--

ALTER TABLE ONLY public.filer_file
    ADD CONSTRAINT filer_file_folder_id_af803bbb_fk_filer_folder_id FOREIGN KEY (folder_id) REFERENCES public.filer_folder(id) DEFERRABLE INITIALLY DEFERRED;


--
-- TOC entry 3242 (class 2606 OID 17007)
-- Name: filer_file filer_file_owner_id_b9e32671_fk_auth_user_id; Type: FK CONSTRAINT; Schema: public; Owner: -
--

ALTER TABLE ONLY public.filer_file
    ADD CONSTRAINT filer_file_owner_id_b9e32671_fk_auth_user_id FOREIGN KEY (owner_id) REFERENCES public.auth_user(id) DEFERRABLE INITIALLY DEFERRED;


--
-- TOC entry 3243 (class 2606 OID 17012)
-- Name: filer_file filer_file_polymorphic_ctype_id_f44903c1_fk_django_co; Type: FK CONSTRAINT; Schema: public; Owner: -
--

ALTER TABLE ONLY public.filer_file
    ADD CONSTRAINT filer_file_polymorphic_ctype_id_f44903c1_fk_django_co FOREIGN KEY (polymorphic_ctype_id) REFERENCES public.django_content_type(id) DEFERRABLE INITIALLY DEFERRED;


--
-- TOC entry 3244 (class 2606 OID 17017)
-- Name: filer_folder filer_folder_owner_id_be530fb4_fk_auth_user_id; Type: FK CONSTRAINT; Schema: public; Owner: -
--

ALTER TABLE ONLY public.filer_folder
    ADD CONSTRAINT filer_folder_owner_id_be530fb4_fk_auth_user_id FOREIGN KEY (owner_id) REFERENCES public.auth_user(id) DEFERRABLE INITIALLY DEFERRED;


--
-- TOC entry 3245 (class 2606 OID 17022)
-- Name: filer_folder filer_folder_parent_id_308aecda_fk_filer_folder_id; Type: FK CONSTRAINT; Schema: public; Owner: -
--

ALTER TABLE ONLY public.filer_folder
    ADD CONSTRAINT filer_folder_parent_id_308aecda_fk_filer_folder_id FOREIGN KEY (parent_id) REFERENCES public.filer_folder(id) DEFERRABLE INITIALLY DEFERRED;


--
-- TOC entry 3246 (class 2606 OID 17027)
-- Name: filer_folderpermission filer_folderpermission_folder_id_5d02f1da_fk_filer_folder_id; Type: FK CONSTRAINT; Schema: public; Owner: -
--

ALTER TABLE ONLY public.filer_folderpermission
    ADD CONSTRAINT filer_folderpermission_folder_id_5d02f1da_fk_filer_folder_id FOREIGN KEY (folder_id) REFERENCES public.filer_folder(id) DEFERRABLE INITIALLY DEFERRED;


--
-- TOC entry 3247 (class 2606 OID 17032)
-- Name: filer_folderpermission filer_folderpermission_group_id_8901bafa_fk_auth_group_id; Type: FK CONSTRAINT; Schema: public; Owner: -
--

ALTER TABLE ONLY public.filer_folderpermission
    ADD CONSTRAINT filer_folderpermission_group_id_8901bafa_fk_auth_group_id FOREIGN KEY (group_id) REFERENCES public.auth_group(id) DEFERRABLE INITIALLY DEFERRED;


--
-- TOC entry 3248 (class 2606 OID 17037)
-- Name: filer_folderpermission filer_folderpermission_user_id_7673d4b6_fk_auth_user_id; Type: FK CONSTRAINT; Schema: public; Owner: -
--

ALTER TABLE ONLY public.filer_folderpermission
    ADD CONSTRAINT filer_folderpermission_user_id_7673d4b6_fk_auth_user_id FOREIGN KEY (user_id) REFERENCES public.auth_user(id) DEFERRABLE INITIALLY DEFERRED;


--
-- TOC entry 3249 (class 2606 OID 17042)
-- Name: filer_image filer_image_file_ptr_id_3e21d4f0_fk_filer_file_id; Type: FK CONSTRAINT; Schema: public; Owner: -
--

ALTER TABLE ONLY public.filer_image
    ADD CONSTRAINT filer_image_file_ptr_id_3e21d4f0_fk_filer_file_id FOREIGN KEY (file_ptr_id) REFERENCES public.filer_file(id) DEFERRABLE INITIALLY DEFERRED;


--
-- TOC entry 3250 (class 2606 OID 17047)
-- Name: magicauth_magictoken magicauth_magictoken_user_id_facad363_fk_auth_user_id; Type: FK CONSTRAINT; Schema: public; Owner: -
--

ALTER TABLE ONLY public.magicauth_magictoken
    ADD CONSTRAINT magicauth_magictoken_user_id_facad363_fk_auth_user_id FOREIGN KEY (user_id) REFERENCES public.auth_user(id) DEFERRABLE INITIALLY DEFERRED;


--
-- TOC entry 3252 (class 2606 OID 17052)
-- Name: user_profiles_userprofile_controls user_profiles_userpr_control_id_4b343aa9_fk_control_c; Type: FK CONSTRAINT; Schema: public; Owner: -
--

ALTER TABLE ONLY public.user_profiles_userprofile_controls
    ADD CONSTRAINT user_profiles_userpr_control_id_4b343aa9_fk_control_c FOREIGN KEY (control_id) REFERENCES public.control_control(id) DEFERRABLE INITIALLY DEFERRED;


--
-- TOC entry 3253 (class 2606 OID 17057)
-- Name: user_profiles_userprofile_controls user_profiles_userpr_userprofile_id_3b4c3368_fk_user_prof; Type: FK CONSTRAINT; Schema: public; Owner: -
--

ALTER TABLE ONLY public.user_profiles_userprofile_controls
    ADD CONSTRAINT user_profiles_userpr_userprofile_id_3b4c3368_fk_user_prof FOREIGN KEY (userprofile_id) REFERENCES public.user_profiles_userprofile(user_id) DEFERRABLE INITIALLY DEFERRED;


--
-- TOC entry 3251 (class 2606 OID 17062)
-- Name: user_profiles_userprofile user_profiles_userprofile_user_id_e2515b2e_fk_auth_user_id; Type: FK CONSTRAINT; Schema: public; Owner: -
--

ALTER TABLE ONLY public.user_profiles_userprofile
    ADD CONSTRAINT user_profiles_userprofile_user_id_e2515b2e_fk_auth_user_id FOREIGN KEY (user_id) REFERENCES public.auth_user(id) DEFERRABLE INITIALLY DEFERRED;


-- Completed on 2019-10-29 09:17:59 UTC

--
-- PostgreSQL database dump complete
--

